"target","subscribers","video.views","uploads","Country","channel_type","created_month","created_date","video_views_for_the_last_30_days","subscribers_for_last_30_days","created_year","Gross.tertiary.education.enrollment....","Population","Unemployment.rate","Urban_population","Latitude","Longitude","rgroup","predCountry","predchannel_type","predcreated_month","predcreated_date","predcreated_year","predsubscribers","predvideo.views","preduploads","predvideo_views_for_the_last_30_days","predsubscribers_for_last_30_days","predGross.tertiary.education.enrollment....","predPopulation","predUnemployment.rate","predUrban_population","predLatitude","predLongitude"
1,112000000,93247040539,1111,"United States","Entertainment","May","12",731674000,0,"2015",88.2,328239523,14.7,270663028,37.09024,-95.712891,0.0677379600238055,0.526315681174103,0.472081368233545,0.549018678523492,0.434785514689649,0.479167134505044,0.741931607931753,0.919348101214119,0.532257570416229,0.935476873330698,0.147208121827411,0.51984119754833,0.514285662602914,0.526315681174103,0.526315681174103,0.522900682147689,0.501976283190093
1,75600000,20826993957,2281,"South Korea","Music","Dec","17",168290000,4e+05,"2012",94.3,51709098,4.15,42106719,35.907757,127.766922,0.76416074950248,0.615375865193187,0.633801886066835,0.386366255843654,0.500000101454698,0.510638106069586,0.741931607931753,0.8360600912014,0.540982961318284,0.983863189680435,0.93999123264288,0.423078433556597,0.400001451741784,0.428572588107754,0.475410265788702,0.522900682147689,0.426230744141516
1,71600000,30608119724,249,"Canada","Music","Jan","15",176326000,1e+05,"2007",68.9,36991981,5.56,30628482,56.130366,-106.346771,0.492617743322626,0.40001016132153,0.633801886066835,0.403510493208481,0.59999508141476,0.576920180892143,0.741931607931753,0.919348101214119,0.426230744141516,0.983863189680435,0.411167971854847,0.370969849250442,0.529411356059126,0.541665832448837,0.500000023872834,0.389832403236837,0.4
1,57600000,25307753534,283775,"India","News","Aug","27",461148000,5e+05,"2009",28.1,1366417754,5.36,471031528,20.593684,78.96288,0.567517535295337,0.634781450799355,0.789458534991665,0.535713676958923,0.368428062911248,0.666662434895942,0.741931607931753,0.919348101214119,0.790317924281489,0.935476873330698,0.93999123264288,0.63865431066442,0.634781450799355,0.580881770158871,0.634781450799355,0.596272704041445,0.634781450799355
1,53300000,30516172739,577,"India","Education","Jun","6",815949000,1600000,"2014",28.1,1366417754,5.36,471031528,20.593684,78.96288,0.0203494005836546,0.634781450799355,0.727265889620818,0.425533533826443,0.576920180892143,0.472727798101428,0.741931607931753,0.919348101214119,0.403227393483599,0.935476873330698,0.981472595384838,0.63865431066442,0.634781450799355,0.580881770158871,0.634781450799355,0.596272704041445,0.634781450799355
1,52900000,29884657286,216,"United States","Music","Sep","20",528392000,8e+05,"2006",88.2,328239523,14.7,270663028,37.09024,-95.712891,0.783569034654647,0.526315681174103,0.633801886066835,0.590907738115735,0.608690997059981,0.500000030061973,0.741931607931753,0.919348101214119,0.426230744141516,0.935476873330698,0.981472595384838,0.51984119754833,0.514285662602914,0.526315681174103,0.526315681174103,0.522900682147689,0.501976283190093
1,43200000,36458726976,1478,"Russia","Education","May","31",303780000,3e+05,"2011",81.9,144373535,4.59,107683889,61.52401,105.318756,0.712592953350395,0.40001016132153,0.727265889620818,0.549018678523492,0.545450561165042,0.446429557032493,0.741931607931753,0.919348101214119,0.540982961318284,0.999991830025354,0.902429248637268,0.51984119754833,0.400001693694715,0.428572588107754,0.383563261097473,0.389832403236837,0.426230744141516
1,43200000,37939780685,109871,"Pakistan","Entertainment","Jul","11",1.149e+09,9e+05,"2016",9,216565318,4.45,79927762,30.375321,69.345116,0.54878760734573,0.50000040574272,0.472081368233545,0.500000030061973,0.533331219477143,0.547617952510098,0.741931607931753,0.919348101214119,0.790317924281489,0.935476873330698,0.981472595384838,0.5,0.514285662602914,0.428572588107754,0.347828315870446,0.522900682147689,0.531914249130372
1,39700000,23884824160,1596,"United Arab Emirates","People","Nov","6",247731000,3e+05,"2017",36.8,9770529,2.35,8479744,23.424076,53.847818,0.320911680813879,0.999900344606403,0.37778052984104,0.500000031218181,0.576920180892143,0.413045403868973,0.741931607931753,0.919348101214119,0.540982961318284,0.999991830025354,0.902429248637268,0.393444396376725,0.529411356059126,0.418183335273479,0.500000023872834,0.387100468480908,0.531914249130372
1,34000000,3963007415,2284,"Indonesia","Entertainment","Sep","7",547141000,5500000,"2017",36.3,270203917,4.69,151509724,-0.789275,113.921327,0.405159553745762,0.307707224319408,0.472081368233545,0.590907738115735,0.50000009018258,0.413045403868973,0.721307874024633,0.180333135905586,0.540982961318284,0.935476873330698,0.981472595384838,0.393444396376725,0.514285662602914,0.580881770158871,0.383563261097473,0.596272704041445,0.426230744141516
0,33500000,11405809704,217,"India","Comedy","Nov","11",24736000,1e+05,"2013",28.1,1366417754,5.36,471031528,20.593684,78.96288,0.700885687023401,0.634781450799355,0.378381709234254,0.500000031218181,0.533331219477143,0.465117128052292,0.721307874024633,0.786880569554214,0.426230744141516,8.22319923646132e-06,0.411167971854847,0.63865431066442,0.634781450799355,0.580881770158871,0.634781450799355,0.596272704041445,0.634781450799355
1,33400000,20269857567,338,"India","Education","Aug","26",136084000,2e+05,"2008",28.1,1366417754,5.36,471031528,20.593684,78.96288,0.300789174158126,0.634781450799355,0.727265889620818,0.535713676958923,0.519999264964466,0.529410947424388,0.721307874024633,0.8360600912014,0.426230744141516,0.983863189680435,0.80519086275992,0.63865431066442,0.634781450799355,0.580881770158871,0.634781450799355,0.596272704041445,0.634781450799355
0,32700000,17853798780,1521,"India","Entertainment","Mar","14",20263000,40000,"2012",28.1,1366417754,5.36,471031528,20.593684,78.96288,0.0367010021582246,0.634781450799355,0.472081368233545,0.519999632474883,0.400005080914785,0.510638106069586,0.721307874024633,0.8360600912014,0.540982961318284,8.22319923646132e-06,0.411167971854847,0.63865431066442,0.634781450799355,0.580881770158871,0.634781450799355,0.596272704041445,0.634781450799355
1,31900000,19428308461,93311,"Philippines","Entertainment","Nov","20",798510000,5e+05,"2006",35.5,108116615,2.15,50975903,12.879721,121.774017,0.706754646264017,0.555549563756985,0.472081368233545,0.500000031218181,0.608690997059981,0.500000030061973,0.721307874024633,0.8360600912014,0.790317924281489,0.935476873330698,0.93999123264288,0.393444396376725,0.375002261091349,0.418183335273479,0.475410265788702,0.596272704041445,0.426230744141516
1,27100000,17318452893,889,"India","Entertainment","Sep","26",429692000,7e+05,"2015",28.1,1366417754,5.36,471031528,20.593684,78.96288,0.451050431467593,0.634781450799355,0.472081368233545,0.590907738115735,0.519999264964466,0.479167134505044,0.612901430999123,0.8360600912014,0.532257570416229,0.935476873330698,0.981472595384838,0.63865431066442,0.634781450799355,0.580881770158871,0.634781450799355,0.596272704041445,0.634781450799355
0,26700000,10317306313,975,"Colombia","Comedy","Nov","13",24363000,0,"2011",55.3,50339443,9.71,40827302,4.570868,-74.297333,0.0101032597012818,0.833278057553178,0.378381709234254,0.500000031218181,0.59999508141476,0.446429557032493,0.612901430999123,0.786880569554214,0.532257570416229,8.22319923646132e-06,0.147208121827411,0.476923456921842,0.400001451741784,0.541665832448837,0.475410265788702,0.596272704041445,0.485714512983766
1,26100000,10435474336,1619,"United States","Comedy","Nov","19",68156000,4e+05,"2005",88.2,328239523,14.7,270663028,37.09024,-95.712891,0.678004544693977,0.526315681174103,0.378381709234254,0.500000031218181,0.400004064772474,0.470590060783285,0.612901430999123,0.786880569554214,0.540982961318284,0.147546788140795,0.93999123264288,0.51984119754833,0.514285662602914,0.526315681174103,0.526315681174103,0.522900682147689,0.501976283190093
1,24800000,17387583720,1644,"United Kingdom","Entertainment","Oct","30",331889000,5e+05,"2015",60,66834405,3.85,55908316,55.378051,-3.435973,0.498887535650283,0.366671165073718,0.472081368233545,0.571427324929495,0.500000081164773,0.479167134505044,0.612901430999123,0.8360600912014,0.540982961318284,0.999991830025354,0.93999123264288,0.370969849250442,0.400001451741784,0.428572588107754,0.347828315870446,0.389832403236837,0.294121715718841
1,24800000,3699352704,1894,"United States","Entertainment","Jun","29",134412000,4e+05,"2006",88.2,328239523,14.7,270663028,37.09024,-95.712891,0.34446326829493,0.526315681174103,0.472081368233545,0.425533533826443,0.476191687223305,0.500000030061973,0.612901430999123,0.180333135905586,0.540982961318284,0.967205482260563,0.93999123264288,0.51984119754833,0.514285662602914,0.526315681174103,0.526315681174103,0.522900682147689,0.501976283190093
0,23700000,7451792132,0,"Canada","Games","Nov","30",0,1,"2012",68.9,36991981,5.56,30628482,56.130366,-106.346771,0.6147267119959,0.40001016132153,0.366668915907679,0.500000031218181,0.500000081164773,0.510638106069586,0.612901430999123,0.393444396376725,0.501623376623377,0.501623376623377,0.411167971854847,0.370969849250442,0.529411356059126,0.541665832448837,0.500000023872834,0.389832403236837,0.4
0,23600000,6766461070,552,"United States","Entertainment","Aug","30",44542000,4e+05,"2013",88.2,328239523,14.7,270663028,37.09024,-95.712891,0.0673663057386875,0.526315681174103,0.472081368233545,0.535713676958923,0.500000081164773,0.465117128052292,0.612901430999123,0.393444396376725,0.403227393483599,8.09056912990721e-06,0.93999123264288,0.51984119754833,0.514285662602914,0.526315681174103,0.526315681174103,0.522900682147689,0.501976283190093
1,22900000,16298342829,1159,"Jordan","Music","Nov","1",169056000,3e+05,"2012",34.4,10101694,14.72,9213048,30.585164,36.238414,0.091127741150558,0.999750936220202,0.633801886066835,0.500000031218181,0.500000067637874,0.510638106069586,0.612901430999123,0.8360600912014,0.532257570416229,0.983863189680435,0.902429248637268,0.393444396376725,0.529411356059126,0.999750936220202,0.500000023872834,0.522900682147689,0.531914249130372
1,22600000,13405849040,171,"United States","Music","Nov","19",95253000,0,"2007",88.2,328239523,14.7,270663028,37.09024,-95.712891,0.203907408285886,0.526315681174103,0.633801886066835,0.500000031218181,0.400004064772474,0.576920180892143,0.689651930542174,0.693545291582017,0.467742481949914,0.983863189680435,0.147208121827411,0.51984119754833,0.514285662602914,0.526315681174103,0.526315681174103,0.522900682147689,0.501976283190093
1,22000000,9924807127,157,"United States","Music","Sep","9",111500000,1e+05,"2009",88.2,328239523,14.7,270663028,37.09024,-95.712891,0.303725936217234,0.526315681174103,0.633801886066835,0.590907738115735,0.516128564348783,0.666662434895942,0.689651930542174,0.786880569554214,0.467742481949914,0.967205482260563,0.411167971854847,0.51984119754833,0.514285662602914,0.526315681174103,0.526315681174103,0.522900682147689,0.501976283190093
1,21300000,6269945014,733,"United States","People","Apr","13",160227000,2e+05,"2017",88.2,328239523,14.7,270663028,37.09024,-95.712891,0.361997376894578,0.526315681174103,0.37778052984104,0.441861854919109,0.59999508141476,0.413045403868973,0.689651930542174,0.306454760784126,0.491803439671098,0.983863189680435,0.80519086275992,0.51984119754833,0.514285662602914,0.526315681174103,0.526315681174103,0.522900682147689,0.501976283190093
1,21300000,5141834668,1608,"United States","Entertainment","Aug","21",68350000,2e+05,"2014",88.2,328239523,14.7,270663028,37.09024,-95.712891,0.189325390383601,0.526315681174103,0.472081368233545,0.535713676958923,0.391309144097066,0.472727798101428,0.689651930542174,0.306454760784126,0.540982961318284,0.147546788140795,0.80519086275992,0.51984119754833,0.514285662602914,0.526315681174103,0.526315681174103,0.522900682147689,0.501976283190093
0,21100000,4526271677,2325,"Indonesia","Entertainment","Jun","4",26974000,1e+05,"2016",36.3,270203917,4.69,151509724,-0.789275,113.921327,0.76151705509983,0.307707224319408,0.472081368233545,0.425533533826443,0.559997665028464,0.547617952510098,0.689651930542174,0.180333135905586,0.540982961318284,8.22319923646132e-06,0.411167971854847,0.393444396376725,0.514285662602914,0.580881770158871,0.383563261097473,0.596272704041445,0.426230744141516
0,21000000,4380564906,403,"United States","Entertainment","Jul","21",2476000,0,"2006",88.2,328239523,14.7,270663028,37.09024,-95.712891,0.101169663947076,0.526315681174103,0.472081368233545,0.500000030061973,0.391309144097066,0.500000030061973,0.689651930542174,0.180333135905586,0.403227393483599,1.00322668871298e-05,0.147208121827411,0.51984119754833,0.514285662602914,0.526315681174103,0.526315681174103,0.522900682147689,0.501976283190093
1,21000000,7762905663,2883,"Brazil","Entertainment","Aug","26",118410000,4e+05,"2015",51.3,212559417,12.08,183241641,-14.235004,-51.92528,0.170429712394252,0.404257390765657,0.472081368233545,0.535713676958923,0.519999264964466,0.479167134505044,0.689651930542174,0.64515897523228,0.629030203115702,0.967205482260563,0.93999123264288,0.476923456921842,0.400001693694715,0.360001888286511,0.383563261097473,0.38596694134097,0.485714512983766
1,21000000,10631638628,420,"United States","Entertainment","Mar","25",80062000,1e+05,"2013",88.2,328239523,14.7,270663028,37.09024,-95.712891,0.440822484204546,0.526315681174103,0.472081368233545,0.519999632474883,0.615375865193187,0.465117128052292,0.689651930542174,0.786880569554214,0.403227393483599,0.983863189680435,0.411167971854847,0.51984119754833,0.514285662602914,0.526315681174103,0.526315681174103,0.522900682147689,0.501976283190093
0,20600000,4956090094,15,"Indonesia","Entertainment","Jul","23",85,1,"2007",36.3,270203917,4.69,151509724,-0.789275,113.921327,0.62178197549656,0.307707224319408,0.472081368233545,0.500000030061973,0.599993441995642,0.576920180892143,0.689651930542174,0.306454760784126,0.277781922989882,1.00322668871298e-05,0.411167971854847,0.393444396376725,0.514285662602914,0.580881770158871,0.383563261097473,0.596272704041445,0.426230744141516
1,20300000,11819051552,875,"Indonesia","Education","Jan","14",112768000,1e+05,"2019",36.3,270203917,4.69,151509724,-0.789275,113.921327,0.611800413113087,0.307707224319408,0.727265889620818,0.403510493208481,0.400005080914785,0.411769991375603,0.689651930542174,0.786880569554214,0.532257570416229,0.967205482260563,0.411167971854847,0.393444396376725,0.514285662602914,0.580881770158871,0.383563261097473,0.596272704041445,0.426230744141516
1,20200000,2951914200,460,"Colombia","Entertainment","Jul","20",263864000,1600000,"2009",55.3,50339443,9.71,40827302,4.570868,-74.297333,0.33324878429994,0.833278057553178,0.472081368233545,0.500000030061973,0.608690997059981,0.666662434895942,0.689651930542174,0.161295811734918,0.403227393483599,0.999991830025354,0.981472595384838,0.476923456921842,0.400001451741784,0.541665832448837,0.475410265788702,0.596272704041445,0.485714512983766
0,20000000,3875172235,1527,"United Kingdom","Entertainment","Apr","29",39228000,2e+05,"2006",60,66834405,3.85,55908316,55.378051,-3.435973,0.429590799380094,0.366671165073718,0.472081368233545,0.441861854919109,0.476191687223305,0.500000030061973,0.412699824183372,0.180333135905586,0.540982961318284,8.09056912990721e-06,0.80519086275992,0.370969849250442,0.400001451741784,0.428572588107754,0.347828315870446,0.389832403236837,0.294121715718841
0,19800000,12293479945,9930,"United States","News","Nov","16",16229,0,"2013",88.2,328239523,14.7,270663028,37.09024,-95.712891,0.115301762474701,0.526315681174103,0.789458534991665,0.500000031218181,0.444447620875319,0.465117128052292,0.412699824183372,0.786880569554214,0.491803439671098,1.00322668871298e-05,0.147208121827411,0.51984119754833,0.514285662602914,0.526315681174103,0.526315681174103,0.522900682147689,0.501976283190093
0,19300000,264228052,335,"India","Howto","Mar","2",37167000,3e+05,"2021",28.1,1366417754,5.36,471031528,20.593684,78.96288,0.253417809261009,0.634781450799355,0.15385952937874,0.519999632474883,0.409095114920986,0.545450561165042,0.412699824183372,0.100006693611384,0.426230744141516,8.09056912990721e-06,0.902429248637268,0.63865431066442,0.634781450799355,0.580881770158871,0.634781450799355,0.596272704041445,0.634781450799355
0,19000000,4924054368,60,"United States","Entertainment","Feb","20",21587000,1e+05,"2018",88.2,328239523,14.7,270663028,37.09024,-95.712891,0.519329422619194,0.526315681174103,0.472081368233545,0.54999879061465,0.608690997059981,0.666660554178609,0.412699824183372,0.306454760784126,0.277781922989882,8.22319923646132e-06,0.411167971854847,0.51984119754833,0.514285662602914,0.526315681174103,0.526315681174103,0.522900682147689,0.501976283190093
1,19000000,16014044618,79,"United Kingdom","Music","Feb","11",102410000,1e+05,"2007",60,66834405,3.85,55908316,55.378051,-3.435973,0.794627267168835,0.366671165073718,0.633801886066835,0.54999879061465,0.533331219477143,0.576920180892143,0.412699824183372,0.693545291582017,0.277781922989882,0.983863189680435,0.411167971854847,0.370969849250442,0.400001451741784,0.428572588107754,0.347828315870446,0.389832403236837,0.294121715718841
0,18800000,3654621568,2072,"United States","Education","Mar","1",29874000,1e+05,"2011",88.2,328239523,14.7,270663028,37.09024,-95.712891,0.347833568230271,0.526315681174103,0.727265889620818,0.519999632474883,0.500000067637874,0.446429557032493,0.412699824183372,0.180333135905586,0.540982961318284,8.22319923646132e-06,0.411167971854847,0.51984119754833,0.514285662602914,0.526315681174103,0.526315681174103,0.522900682147689,0.501976283190093
1,18600000,20196704276,6287,"Thailand","Music","Jan","15",168597000,1e+05,"2014",49.3,69625582,0.75,35294600,15.870032,100.992541,0.636444434290752,0.555549563756985,0.633801886066835,0.403510493208481,0.59999508141476,0.472727798101428,0.412699824183372,0.8360600912014,0.491803439671098,0.983863189680435,0.411167971854847,0.476923456921842,0.375002261091349,0.555555555555556,0.500000023872834,0.596272704041445,0.555549563756985
0,18500000,2908120896,1329,"Brazil","Music","Sep","22",6.148e+09,1e+05,"2007",51.3,212559417,12.08,183241641,-14.235004,-51.92528,0.665443781530485,0.404257390765657,0.633801886066835,0.590907738115735,0.555553558141425,0.576920180892143,0.412699824183372,0.161295811734918,0.532257570416229,0.501623376623377,0.411167971854847,0.476923456921842,0.400001693694715,0.360001888286511,0.383563261097473,0.38596694134097,0.485714512983766
0,18400000,11544297793,3159,"Thailand","Music","Mar","8",54133000,1e+05,"2011",49.3,69625582,0.75,35294600,15.870032,100.992541,0.557038721628487,0.555549563756985,0.633801886066835,0.519999632474883,0.565214626467398,0.446429557032493,0.412699824183372,0.786880569554214,0.629030203115702,0.147546788140795,0.411167971854847,0.476923456921842,0.375002261091349,0.555555555555556,0.500000023872834,0.596272704041445,0.555549563756985
0,18100000,9983065083,1521,"France","Entertainment","Jan","9",48099000,1e+05,"2011",65.6,67059887,8.43,54123364,46.227638,2.213749,0.76743165939115,0.000250686345139119,0.472081368233545,0.403510493208481,0.516128564348783,0.446429557032493,0.412699824183372,0.786880569554214,0.540982961318284,0.147546788140795,0.411167971854847,0.370969849250442,0.375002261091349,0.541665832448837,0.347828315870446,0.324329116061096,0.531914249130372
1,18100000,14857290259,707,"United States","Education","Jan","27",180412000,3e+05,"2014",88.2,328239523,14.7,270663028,37.09024,-95.712891,0.670997224049643,0.526315681174103,0.727265889620818,0.403510493208481,0.368428062911248,0.472727798101428,0.412699824183372,0.693545291582017,0.491803439671098,0.983863189680435,0.902429248637268,0.51984119754833,0.514285662602914,0.526315681174103,0.526315681174103,0.522900682147689,0.501976283190093
0,18000000,15412333005,45,"United States","Entertainment","Aug","4",4,0,"2006",88.2,328239523,14.7,270663028,37.09024,-95.712891,0.372529146261513,0.526315681174103,0.472081368233545,0.535713676958923,0.559997665028464,0.500000030061973,0.412699824183372,0.693545291582017,0.277781922989882,1.00322668871298e-05,0.147208121827411,0.51984119754833,0.514285662602914,0.526315681174103,0.526315681174103,0.522900682147689,0.501976283190093
0,17600000,9269174070,3151,"Thailand","Games","Mar","12",55127000,0,"2014",49.3,69625582,0.75,35294600,15.870032,100.992541,0.0515375225804746,0.555549563756985,0.366668915907679,0.519999632474883,0.434785514689649,0.472727798101428,0.412699824183372,0.64515897523228,0.629030203115702,0.147546788140795,0.147208121827411,0.476923456921842,0.375002261091349,0.555555555555556,0.500000023872834,0.596272704041445,0.555549563756985
0,17300000,902225615,287,"India","Entertainment","Sep","5",837850,0,"2016",28.1,1366417754,5.36,471031528,20.593684,78.96288,0.0489972748328,0.634781450799355,0.472081368233545,0.590907738115735,0.588230199598648,0.547617952510098,0.412699824183372,0.100006693611384,0.426230744141516,1.00322668871298e-05,0.147208121827411,0.63865431066442,0.634781450799355,0.580881770158871,0.634781450799355,0.596272704041445,0.634781450799355
0,17100000,9710962528,148225,"Indonesia","Entertainment","Sep","2",45811000,1e+05,"2014",36.3,270203917,4.69,151509724,-0.789275,113.921327,0.356016416335478,0.307707224319408,0.472081368233545,0.590907738115735,0.409095114920986,0.472727798101428,0.412699824183372,0.786880569554214,0.790317924281489,8.09056912990721e-06,0.411167971854847,0.393444396376725,0.514285662602914,0.580881770158871,0.383563261097473,0.596272704041445,0.426230744141516
0,16400000,4434679706,428,"Thailand","Entertainment","Jan","24",9341000,0,"2011",49.3,69625582,0.75,35294600,15.870032,100.992541,0.48552435124293,0.555549563756985,0.472081368233545,0.403510493208481,0.50000009018258,0.446429557032493,0.412699824183372,0.180333135905586,0.403227393483599,8.09056912990721e-06,0.147208121827411,0.476923456921842,0.375002261091349,0.555555555555556,0.500000023872834,0.596272704041445,0.555549563756985
1,16200000,10227242833,258,"United States","Music","Nov","18",63441000,0,"2005",88.2,328239523,14.7,270663028,37.09024,-95.712891,0.076611487660557,0.526315681174103,0.633801886066835,0.500000031218181,0.400006774440146,0.470590060783285,0.412699824183372,0.786880569554214,0.426230744141516,0.147546788140795,0.147208121827411,0.51984119754833,0.514285662602914,0.526315681174103,0.526315681174103,0.522900682147689,0.501976283190093
0,16000000,3018032423,52144,"India","Education","Jul","26",14287000,0,"2014",28.1,1366417754,5.36,471031528,20.593684,78.96288,0.592036482179537,0.634781450799355,0.727265889620818,0.500000030061973,0.519999264964466,0.472727798101428,0.412699824183372,0.161295811734918,0.790317924281489,8.09056912990721e-06,0.147208121827411,0.63865431066442,0.634781450799355,0.580881770158871,0.634781450799355,0.596272704041445,0.634781450799355
1,15500000,14619523361,325,"Brazil","Music","Jun","27",163678000,0,"2009",51.3,212559417,12.08,183241641,-14.235004,-51.92528,0.764833758817986,0.404257390765657,0.633801886066835,0.425533533826443,0.368428062911248,0.666662434895942,0.500000026183072,0.693545291582017,0.426230744141516,0.983863189680435,0.147208121827411,0.476923456921842,0.400001693694715,0.360001888286511,0.383563261097473,0.38596694134097,0.485714512983766
0,15500000,12880388253,0,"United States","Entertainment","Mar","2",0,10,"2016",88.2,328239523,14.7,270663028,37.09024,-95.712891,0.701565144816414,0.526315681174103,0.472081368233545,0.519999632474883,0.409095114920986,0.547617952510098,0.500000026183072,0.693545291582017,0.501623376623377,0.501623376623377,0.411167971854847,0.51984119754833,0.514285662602914,0.526315681174103,0.526315681174103,0.522900682147689,0.501976283190093
1,15300000,16545966132,87864,"India","Entertainment","Oct","31",361483000,3e+05,"2011",28.1,1366417754,5.36,471031528,20.593684,78.96288,0.780736389802769,0.634781450799355,0.472081368233545,0.571427324929495,0.545450561165042,0.446429557032493,0.500000026183072,0.8360600912014,0.790317924281489,0.999991830025354,0.902429248637268,0.63865431066442,0.634781450799355,0.580881770158871,0.634781450799355,0.596272704041445,0.634781450799355
1,15200000,7151683497,11099,"India","Entertainment","May","2",210909000,3e+05,"2014",28.1,1366417754,5.36,471031528,20.593684,78.96288,0.203096339479089,0.634781450799355,0.472081368233545,0.549018678523492,0.409095114920986,0.472727798101428,0.500000026183072,0.393444396376725,0.491803439671098,0.999991830025354,0.902429248637268,0.63865431066442,0.634781450799355,0.580881770158871,0.634781450799355,0.596272704041445,0.634781450799355
0,15200000,8333387785,654,"Turkey","Entertainment","Dec","29",4427000,0,"2014",23.9,83429615,13.49,63097818,38.963745,35.243322,0.423578406916931,0.999750936220202,0.472081368233545,0.386366255843654,0.476191687223305,0.472727798101428,0.500000026183072,0.64515897523228,0.491803439671098,8.09056912990721e-06,0.147208121827411,0.63865431066442,0.375002261091349,0.360001888286511,0.347828315870446,0.324329116061096,0.531914249130372
0,15000000,2730879024,0,"United States","Games","May","25",0,0,"2006",88.2,328239523,14.7,270663028,37.09024,-95.712891,0.0375891053117812,0.526315681174103,0.366668915907679,0.549018678523492,0.615375865193187,0.500000030061973,0.500000026183072,0.161295811734918,0.501623376623377,0.501623376623377,0.147208121827411,0.51984119754833,0.514285662602914,0.526315681174103,0.526315681174103,0.522900682147689,0.501976283190093
0,15000000,7536093065,206,"India","News","Aug","16",998,0,"2018",28.1,1366417754,5.36,471031528,20.593684,78.96288,0.425781722180545,0.634781450799355,0.789458534991665,0.535713676958923,0.444447620875319,0.666660554178609,0.500000026183072,0.393444396376725,0.467742481949914,1.00322668871298e-05,0.147208121827411,0.63865431066442,0.634781450799355,0.580881770158871,0.634781450799355,0.596272704041445,0.634781450799355
0,14900000,8074260978,66362,"Indonesia","Entertainment","Nov","29",43581000,1e+05,"2012",36.3,270203917,4.69,151509724,-0.789275,113.921327,0.797655500238761,0.307707224319408,0.472081368233545,0.500000031218181,0.476191687223305,0.510638106069586,0.500000026183072,0.64515897523228,0.790317924281489,8.09056912990721e-06,0.411167971854847,0.393444396376725,0.514285662602914,0.580881770158871,0.383563261097473,0.596272704041445,0.426230744141516
0,14900000,4033400167,86,"United States","Entertainment","Feb","8",11043000,0,"2006",88.2,328239523,14.7,270663028,37.09024,-95.712891,0.735273080645129,0.526315681174103,0.472081368233545,0.54999879061465,0.565214626467398,0.500000030061973,0.500000026183072,0.180333135905586,0.277781922989882,8.09056912990721e-06,0.147208121827411,0.51984119754833,0.514285662602914,0.526315681174103,0.526315681174103,0.522900682147689,0.501976283190093
0,14900000,5549770244,27944,"Thailand","Entertainment","Oct","17",49556000,1e+05,"2011",49.3,69625582,0.75,35294600,15.870032,100.992541,0.418636959511787,0.555549563756985,0.472081368233545,0.571427324929495,0.500000101454698,0.446429557032493,0.500000026183072,0.306454760784126,0.790317924281489,0.147546788140795,0.411167971854847,0.476923456921842,0.375002261091349,0.555555555555556,0.500000023872834,0.596272704041445,0.555549563756985
0,14800000,13356517783,1210,"United States","Entertainment","Jun","9",61205000,0,"2006",88.2,328239523,14.7,270663028,37.09024,-95.712891,0.350555816665292,0.526315681174103,0.472081368233545,0.425533533826443,0.516128564348783,0.500000030061973,0.275865961334746,0.693545291582017,0.532257570416229,0.147546788140795,0.147208121827411,0.51984119754833,0.514285662602914,0.526315681174103,0.526315681174103,0.522900682147689,0.501976283190093
0,14700000,2230986039,1385,"Saudi Arabia","Entertainment","May","27",2694000,0,"2016",68,34268528,5.93,28807838,23.885942,45.079162,0.325731822755188,0.400020320611202,0.472081368233545,0.549018678523492,0.368428062911248,0.547617952510098,0.275865961334746,0.161295811734918,0.540982961318284,1.00322668871298e-05,0.147208121827411,0.370969849250442,0.529411356059126,0.541665832448837,0.500000023872834,0.522900682147689,0.531914249130372
1,14700000,8882319696,1996,"United States","Education","Jan","28",79402000,1e+05,"2012",88.2,328239523,14.7,270663028,37.09024,-95.712891,0.00391368567943573,0.526315681174103,0.727265889620818,0.403510493208481,0.500000115947191,0.510638106069586,0.275865961334746,0.64515897523228,0.540982961318284,0.983863189680435,0.411167971854847,0.51984119754833,0.514285662602914,0.526315681174103,0.526315681174103,0.522900682147689,0.501976283190093
1,14600000,5525773746,560,"India","Film","Oct","28",139116000,5e+05,"2019",28.1,1366417754,5.36,471031528,20.593684,78.96288,0.544812529813498,0.634781450799355,0.518517892795697,0.571427324929495,0.500000115947191,0.411769991375603,0.275865961334746,0.306454760784126,0.403227393483599,0.983863189680435,0.93999123264288,0.63865431066442,0.634781450799355,0.580881770158871,0.634781450799355,0.596272704041445,0.634781450799355
0,14500000,6944967581,479,"United States","Entertainment","Sep","9",29941000,0,"2019",88.2,328239523,14.7,270663028,37.09024,-95.712891,0.0298152859322727,0.526315681174103,0.472081368233545,0.590907738115735,0.516128564348783,0.411769991375603,0.275865961334746,0.393444396376725,0.403227393483599,8.22319923646132e-06,0.147208121827411,0.51984119754833,0.514285662602914,0.526315681174103,0.526315681174103,0.522900682147689,0.501976283190093
0,14500000,9383692066,68606,"Thailand","Entertainment","Jun","8",45622000,1e+05,"2011",49.3,69625582,0.75,35294600,15.870032,100.992541,0.298167421715334,0.555549563756985,0.472081368233545,0.425533533826443,0.565214626467398,0.446429557032493,0.275865961334746,0.64515897523228,0.790317924281489,8.09056912990721e-06,0.411167971854847,0.476923456921842,0.375002261091349,0.555555555555556,0.500000023872834,0.596272704041445,0.555549563756985
0,14400000,600154268,364,"South Korea","Entertainment","Mar","8",1370000,3e+05,"2017",94.3,51709098,4.15,42106719,35.907757,127.766922,0.544187733437866,0.615375865193187,0.472081368233545,0.519999632474883,0.565214626467398,0.413045403868973,0.275865961334746,0.100006693611384,0.426230744141516,1.00322668871298e-05,0.902429248637268,0.423078433556597,0.400001451741784,0.428572588107754,0.475410265788702,0.522900682147689,0.426230744141516
0,14400000,2224121890,3086,"India","Games","Sep","1",13891000,1e+05,"2017",28.1,1366417754,5.36,471031528,20.593684,78.96288,0.79927662294358,0.634781450799355,0.366668915907679,0.590907738115735,0.500000067637874,0.413045403868973,0.275865961334746,0.161295811734918,0.629030203115702,8.09056912990721e-06,0.411167971854847,0.63865431066442,0.634781450799355,0.580881770158871,0.634781450799355,0.596272704041445,0.634781450799355
0,14200000,3920559552,1300,"Mexico","Games","Jan","13",44575000,2e+05,"2016",40.2,126014024,3.42,102626859,23.634501,-102.552784,0.31193528114818,0.280008864580482,0.366668915907679,0.403510493208481,0.59999508141476,0.547617952510098,0.275865961334746,0.180333135905586,0.532257570416229,8.09056912990721e-06,0.80519086275992,0.393444396376725,0.375002261091349,0.418183335273479,0.347828315870446,0.387100468480908,0.501976283190093
0,14200000,3317805543,1724,"United States","Entertainment","Aug","18",12902000,0,"2011",88.2,328239523,14.7,270663028,37.09024,-95.712891,0.265402100514621,0.526315681174103,0.472081368233545,0.535713676958923,0.400006774440146,0.446429557032493,0.275865961334746,0.161295811734918,0.540982961318284,8.09056912990721e-06,0.147208121827411,0.51984119754833,0.514285662602914,0.526315681174103,0.526315681174103,0.522900682147689,0.501976283190093
0,14100000,5129529846,3,"Australia","People","Nov","4",147,1,"2015",113.1,25766605,5.27,21844756,-25.274398,133.775136,0.0869889326859266,0.250031448990954,0.37778052984104,0.500000031218181,0.559997665028464,0.479167134505044,0.275865961334746,0.306454760784126,0.277781922989882,1.00322668871298e-05,0.411167971854847,0.423078433556597,0.529411356059126,0.580881770158871,0.500000023872834,0.38596694134097,0.426230744141516
0,14000000,12597067132,3,"India","Music","Jan","31",7,0,"2007",28.1,1366417754,5.36,471031528,20.593684,78.96288,0.193996177520603,0.634781450799355,0.633801886066835,0.403510493208481,0.545450561165042,0.576920180892143,0.275865961334746,0.693545291582017,0.277781922989882,1.00322668871298e-05,0.147208121827411,0.63865431066442,0.634781450799355,0.580881770158871,0.634781450799355,0.596272704041445,0.634781450799355
0,13900000,2244318380,183,"United States","Comedy","Feb","15",4598000,0,"2009",88.2,328239523,14.7,270663028,37.09024,-95.712891,0.341997165232897,0.526315681174103,0.378381709234254,0.54999879061465,0.59999508141476,0.666662434895942,0.383335304801197,0.161295811734918,0.467742481949914,8.09056912990721e-06,0.147208121827411,0.51984119754833,0.514285662602914,0.526315681174103,0.526315681174103,0.522900682147689,0.501976283190093
0,13600000,3764608356,199,"United States","Music","May","20",15277000,1e+05,"2007",88.2,328239523,14.7,270663028,37.09024,-95.712891,0.458518778206781,0.526315681174103,0.633801886066835,0.549018678523492,0.608690997059981,0.576920180892143,0.383335304801197,0.180333135905586,0.467742481949914,8.09056912990721e-06,0.411167971854847,0.51984119754833,0.514285662602914,0.526315681174103,0.526315681174103,0.522900682147689,0.501976283190093
0,13500000,1181292450,319,"Indonesia","Games","Jul","19",13436000,0,"2019",36.3,270203917,4.69,151509724,-0.789275,113.921327,0.192716089310125,0.307707224319408,0.366668915907679,0.500000030061973,0.400004064772474,0.411769991375603,0.383335304801197,0.100006693611384,0.426230744141516,8.09056912990721e-06,0.147208121827411,0.393444396376725,0.514285662602914,0.580881770158871,0.383563261097473,0.596272704041445,0.426230744141516
0,13500000,5545936485,814,"United Kingdom","Music","Dec","25",35309000,1e+05,"2006",60,66834405,3.85,55908316,55.378051,-3.435973,0.756060520652682,0.366671165073718,0.633801886066835,0.386366255843654,0.615375865193187,0.500000030061973,0.383335304801197,0.306454760784126,0.491803439671098,8.09056912990721e-06,0.411167971854847,0.370969849250442,0.400001451741784,0.428572588107754,0.347828315870446,0.389832403236837,0.294121715718841
0,13300000,7923901253,2411,"Ukraine","Entertainment","Sep","8",379346000,0,"2014",82.7,44385155,8.88,30835699,48.379433,31.16558,0.364646079018712,0.666639164035431,0.472081368233545,0.590907738115735,0.565214626467398,0.472727798101428,0.383335304801197,0.64515897523228,0.629030203115702,0.935476873330698,0.147208121827411,0.51984119754833,0.529411356059126,0.541665832448837,0.500000023872834,0.324329116061096,0.531914249130372
0,13200000,3789736218,8019,"India","Music","Dec","27",25321000,0,"2010",28.1,1366417754,5.36,471031528,20.593684,78.96288,0.112029006239027,0.634781450799355,0.633801886066835,0.386366255843654,0.368428062911248,0.342861678905649,0.383335304801197,0.180333135905586,0.491803439671098,8.22319923646132e-06,0.147208121827411,0.63865431066442,0.634781450799355,0.580881770158871,0.634781450799355,0.596272704041445,0.634781450799355
0,13100000,6637820731,12,"Samoa","Music","May","27",379,3,"2006",7.6,202506,8.36,35588,-13.759029,-172.104629,0.304295593639836,0.501623376623377,0.633801886066835,0.549018678523492,0.368428062911248,0.500000030061973,0.383335304801197,0.393444396376725,0.277781922989882,1.00322668871298e-05,0.411167971854847,0.5,1,0.541665832448837,1,0.596272704041445,0.4
0,13000000,4349562794,521,"Brazil","Music","Jun","4",29526000,0,"2012",51.3,212559417,12.08,183241641,-14.235004,-51.92528,0.517283600987867,0.404257390765657,0.633801886066835,0.425533533826443,0.559997665028464,0.510638106069586,0.269844948863933,0.180333135905586,0.403227393483599,8.22319923646132e-06,0.147208121827411,0.476923456921842,0.400001693694715,0.360001888286511,0.383563261097473,0.38596694134097,0.485714512983766
0,12900000,2509752944,1572,"Spain","Sports","Nov","1",11993000,1e+05,"2010",88.9,47076781,13.96,37927409,40.463667,-3.74922,0.149117223452777,0.20001508041481,0.777747097364362,0.500000031218181,0.500000067637874,0.342861678905649,0.269844948863933,0.161295811734918,0.540982961318284,8.09056912990721e-06,0.411167971854847,0.423078433556597,0.400001451741784,0.360001888286511,0.475410265788702,0.324329116061096,0.294121715718841
0,12800000,3632438963,233,"United Kingdom","Film","Sep","2",27957000,0,"2014",60,66834405,3.85,55908316,55.378051,-3.435973,0.496417522663251,0.366671165073718,0.518517892795697,0.590907738115735,0.409095114920986,0.472727798101428,0.269844948863933,0.161295811734918,0.426230744141516,8.22319923646132e-06,0.147208121827411,0.370969849250442,0.400001451741784,0.428572588107754,0.347828315870446,0.389832403236837,0.294121715718841
1,12700000,4266957149,2483,"Mexico","Comedy","Oct","19",77482000,1e+05,"2007",40.2,126014024,3.42,102626859,23.634501,-102.552784,0.78368222550489,0.280008864580482,0.378381709234254,0.571427324929495,0.400004064772474,0.576920180892143,0.269844948863933,0.180333135905586,0.629030203115702,0.983863189680435,0.411167971854847,0.393444396376725,0.375002261091349,0.418183335273479,0.347828315870446,0.387100468480908,0.501976283190093
0,12700000,6001189018,600,"United States","People","Dec","2",16117000,0,"2019",88.2,328239523,14.7,270663028,37.09024,-95.712891,0.0814094298984855,0.526315681174103,0.37778052984104,0.386366255843654,0.409095114920986,0.411769991375603,0.269844948863933,0.306454760784126,0.491803439671098,8.09056912990721e-06,0.147208121827411,0.51984119754833,0.514285662602914,0.526315681174103,0.526315681174103,0.522900682147689,0.501976283190093
0,12500000,1136534702,601,"United States","Entertainment","Jul","30",15340000,0,"2013",88.2,328239523,14.7,270663028,37.09024,-95.712891,0.70255408086814,0.526315681174103,0.472081368233545,0.500000030061973,0.500000081164773,0.465117128052292,0.269844948863933,0.100006693611384,0.491803439671098,8.09056912990721e-06,0.147208121827411,0.51984119754833,0.514285662602914,0.526315681174103,0.526315681174103,0.522900682147689,0.501976283190093
1,12500000,10384848759,1699,"India","Entertainment","Jan","18",235715000,4e+05,"2017",28.1,1366417754,5.36,471031528,20.593684,78.96288,0.227812014287338,0.634781450799355,0.472081368233545,0.403510493208481,0.400006774440146,0.413045403868973,0.269844948863933,0.786880569554214,0.540982961318284,0.999991830025354,0.93999123264288,0.63865431066442,0.634781450799355,0.580881770158871,0.634781450799355,0.596272704041445,0.634781450799355
1,12400000,1971226335,218,"India","Education","Sep","29",273670000,6e+05,"2012",28.1,1366417754,5.36,471031528,20.593684,78.96288,0.692406599642709,0.634781450799355,0.727265889620818,0.590907738115735,0.476191687223305,0.510638106069586,0.269844948863933,0.100006693611384,0.426230744141516,0.999991830025354,0.93999123264288,0.63865431066442,0.634781450799355,0.580881770158871,0.634781450799355,0.596272704041445,0.634781450799355
