"target","subscribers","video.views","uploads","Country","channel_type","created_month","created_date","video_views_for_the_last_30_days","subscribers_for_last_30_days","created_year","Gross.tertiary.education.enrollment....","Population","Unemployment.rate","Urban_population","Latitude","Longitude","rgroup","predCountry","predchannel_type","predcreated_month","predcreated_date","predcreated_year","predsubscribers","predvideo.views","preduploads","predvideo_views_for_the_last_30_days","predsubscribers_for_last_30_days","predGross.tertiary.education.enrollment....","predPopulation","predUnemployment.rate","predUrban_population","predLatitude","predLongitude","pred"
0,80100000,26236790209,1,"United Kingdom","Entertainment","Jul","27",1,0,"2020",60,66834405,3.85,55908316,55.378051,-3.435973,0.86581281805411,0.366671165073718,0.472081368233545,0.500000030061973,0.368428062911248,0.799980109551138,0.741931607931753,0.919348101214119,0.277781922989882,1.00322668871298e-05,0.147208121827411,0.370969849250442,0.400001451741784,0.428572588107754,0.347828315870446,0.389832403236837,0.294121715718841,0.0494086150236924
1,65900000,45757850229,633,"India","Education","Feb","9",420292000,5e+05,"2013",28.1,1366417754,5.36,471031528,20.593684,78.96288,0.804949342738837,0.634781450799355,0.727265889620818,0.54999879061465,0.516128564348783,0.465117128052292,0.741931607931753,0.919348101214119,0.491803439671098,0.935476873330698,0.93999123264288,0.63865431066442,0.634781450799355,0.580881770158871,0.634781450799355,0.596272704041445,0.634781450799355,0.999982295133442
1,59300000,33431802698,4741,"India","Music","May","22",422634000,6e+05,"2007",28.1,1366417754,5.36,471031528,20.593684,78.96288,0.824125018669292,0.634781450799355,0.633801886066835,0.549018678523492,0.555553558141425,0.576920180892143,0.741931607931753,0.919348101214119,0.491803439671098,0.935476873330698,0.93999123264288,0.63865431066442,0.634781450799355,0.580881770158871,0.634781450799355,0.596272704041445,0.634781450799355,0.999920382879497
1,56400000,14696003229,436,"United States","Music","Apr","6",112100000,1e+05,"2015",88.2,328239523,14.7,270663028,37.09024,-95.712891,0.966178906382993,0.526315681174103,0.633801886066835,0.441861854919109,0.576920180892143,0.479167134505044,0.741931607931753,0.693545291582017,0.403227393483599,0.967205482260563,0.411167971854847,0.51984119754833,0.514285662602914,0.526315681174103,0.526315681174103,0.522900682147689,0.501976283190093,0.0779972745092603
1,48100000,14631710289,2052,"Chile","Games","May","19",66388000,2e+05,"2013",88.5,18952038,7.09,16610135,-35.675147,-71.542969,0.996208244469017,0.50000081128267,0.366668915907679,0.549018678523492,0.400004064772474,0.465117128052292,0.741931607931753,0.693545291582017,0.540982961318284,0.147546788140795,0.80519086275992,0.423078433556597,0.529411356059126,0.541665832448837,0.500000023872834,0.38596694134097,0.485714512983766,0.421273891690484
1,42500000,26820902622,10938,"India","Music","Nov","22",159757000,1e+05,"2012",28.1,1366417754,5.36,471031528,20.593684,78.96288,0.888944808626547,0.634781450799355,0.633801886066835,0.500000031218181,0.555553558141425,0.510638106069586,0.741931607931753,0.919348101214119,0.491803439671098,0.983863189680435,0.411167971854847,0.63865431066442,0.634781450799355,0.580881770158871,0.634781450799355,0.596272704041445,0.634781450799355,0.917826022581546
1,41300000,5603111948,291,"Mexico","People","Nov","16",136745000,4e+05,"2016",40.2,126014024,3.42,102626859,23.634501,-102.552784,0.957717370707542,0.280008864580482,0.37778052984104,0.500000031218181,0.444447620875319,0.547617952510098,0.741931607931753,0.306454760784126,0.426230744141516,0.983863189680435,0.93999123264288,0.393444396376725,0.375002261091349,0.418183335273479,0.347828315870446,0.387100468480908,0.501976283190093,0.625533444965821
0,40600000,8670473639,0,"Mexico","Comedy","Jun","18",0,0,"2010",40.2,126014024,3.42,102626859,23.634501,-102.552784,0.903799681458622,0.280008864580482,0.378381709234254,0.425533533826443,0.400006774440146,0.342861678905649,0.741931607931753,0.64515897523228,0.501623376623377,0.501623376623377,0.147208121827411,0.393444396376725,0.375002261091349,0.418183335273479,0.347828315870446,0.387100468480908,0.501976283190093,0.018305053951588
1,39200000,3294013141,186,"India","Comedy","Oct","30",78688000,7e+05,"2014",28.1,1366417754,5.36,471031528,20.593684,78.96288,0.925271572079509,0.634781450799355,0.378381709234254,0.571427324929495,0.500000081164773,0.472727798101428,0.741931607931753,0.161295811734918,0.467742481949914,0.983863189680435,0.981472595384838,0.63865431066442,0.634781450799355,0.580881770158871,0.634781450799355,0.596272704041445,0.634781450799355,0.983543757086373
0,38400000,21528116909,982,"Saudi Arabia","Games","May","24",1589000,2000,"2018",68,34268528,5.93,28807838,23.885942,45.079162,0.854881353443488,0.400020320611202,0.366668915907679,0.549018678523492,0.50000009018258,0.666660554178609,0.741931607931753,0.8360600912014,0.532257570416229,1.00322668871298e-05,0.411167971854847,0.370969849250442,0.529411356059126,0.541665832448837,0.500000023872834,0.522900682147689,0.531914249130372,0.484716896943623
1,37500000,27262462114,117152,"Thailand","Entertainment","Jan","10",140754000,3e+05,"2013",49.3,69625582,0.75,35294600,15.870032,100.992541,0.920986107783392,0.555549563756985,0.472081368233545,0.403510493208481,0.272748079572459,0.465117128052292,0.721307874024633,0.919348101214119,0.790317924281489,0.983863189680435,0.902429248637268,0.476923456921842,0.375002261091349,0.555555555555556,0.500000023872834,0.596272704041445,0.555549563756985,0.996777397821014
1,35700000,27118354077,654,"Argentina","Music","Jun","6",302071000,4e+05,"2013",90,44938712,9.79,41339571,-38.416097,-63.616672,0.928372328402475,0.777747097364362,0.633801886066835,0.425533533826443,0.576920180892143,0.465117128052292,0.721307874024633,0.919348101214119,0.491803439671098,0.999991830025354,0.93999123264288,0.423078433556597,0.529411356059126,0.541665832448837,0.475410265788702,0.777777777777778,0.485714512983766,0.9993115769452
1,35500000,15657673422,7566,"India","Music","Jan","4",533793000,9e+05,"2013",28.1,1366417754,5.36,471031528,20.593684,78.96288,0.824856837512925,0.634781450799355,0.633801886066835,0.403510493208481,0.559997665028464,0.465117128052292,0.721307874024633,0.693545291582017,0.491803439671098,0.935476873330698,0.981472595384838,0.63865431066442,0.634781450799355,0.580881770158871,0.634781450799355,0.596272704041445,0.634781450799355,0.999980634071845
1,33500000,14864294792,3741,"India","Entertainment","Mar","24",272255000,5e+05,"2006",28.1,1366417754,5.36,471031528,20.593684,78.96288,0.846232522279024,0.634781450799355,0.472081368233545,0.519999632474883,0.50000009018258,0.500000030061973,0.721307874024633,0.693545291582017,0.629030203115702,0.999991830025354,0.93999123264288,0.63865431066442,0.634781450799355,0.580881770158871,0.634781450799355,0.596272704041445,0.634781450799355,0.995234819931411
1,33300000,5994136760,2736,"Indonesia","Entertainment","Jan","15",157101000,1900000,"2016",36.3,270203917,4.69,151509724,-0.789275,113.921327,0.829877246869728,0.307707224319408,0.472081368233545,0.403510493208481,0.59999508141476,0.547617952510098,0.721307874024633,0.306454760784126,0.629030203115702,0.983863189680435,0.981472595384838,0.393444396376725,0.514285662602914,0.580881770158871,0.383563261097473,0.596272704041445,0.426230744141516,0.999999999610172
1,32100000,18699145555,134,"Colombia","Music","Mar","14",465647000,3e+05,"2013",55.3,50339443,9.71,40827302,4.570868,-74.297333,0.994675152702257,0.833278057553178,0.633801886066835,0.519999632474883,0.400005080914785,0.465117128052292,0.721307874024633,0.8360600912014,0.467742481949914,0.935476873330698,0.902429248637268,0.476923456921842,0.400001451741784,0.541665832448837,0.475410265788702,0.596272704041445,0.485714512983766,0.981103646102537
1,31700000,21031745531,166,"United States","Entertainment","Apr","5",153280000,2e+05,"2018",88.2,328239523,14.7,270663028,37.09024,-95.712891,0.891666950657964,0.526315681174103,0.472081368233545,0.441861854919109,0.588230199598648,0.666660554178609,0.721307874024633,0.8360600912014,0.467742481949914,0.983863189680435,0.80519086275992,0.51984119754833,0.514285662602914,0.526315681174103,0.526315681174103,0.522900682147689,0.501976283190093,0.960734174610397
0,31700000,2930015381,116,"United States","Games","Feb","8",27022000,2e+05,"2014",88.2,328239523,14.7,270663028,37.09024,-95.712891,0.99442410422489,0.526315681174103,0.366668915907679,0.54999879061465,0.565214626467398,0.472727798101428,0.721307874024633,0.161295811734918,0.467742481949914,8.22319923646132e-06,0.80519086275992,0.51984119754833,0.514285662602914,0.526315681174103,0.526315681174103,0.522900682147689,0.501976283190093,0.117555857570584
1,31600000,11615848291,1321,"United States","Entertainment","Jan","19",312099000,4e+05,"2011",88.2,328239523,14.7,270663028,37.09024,-95.712891,0.884168580872938,0.526315681174103,0.472081368233545,0.403510493208481,0.400004064772474,0.446429557032493,0.721307874024633,0.786880569554214,0.532257570416229,0.999991830025354,0.93999123264288,0.51984119754833,0.514285662602914,0.526315681174103,0.526315681174103,0.522900682147689,0.501976283190093,0.963449399344888
0,30700000,3145161634,67,"India","Entertainment","Oct","20",31822000,3e+05,"2016",28.1,1366417754,5.36,471031528,20.593684,78.96288,0.947298821760342,0.634781450799355,0.472081368233545,0.571427324929495,0.608690997059981,0.547617952510098,0.721307874024633,0.161295811734918,0.277781922989882,8.09056912990721e-06,0.902429248637268,0.63865431066442,0.634781450799355,0.580881770158871,0.634781450799355,0.596272704041445,0.634781450799355,0.376768787091404
0,30400000,4332274962,2197,"Indonesia","Entertainment","Jan","26",21440000,0,"2014",36.3,270203917,4.69,151509724,-0.789275,113.921327,0.838513568975031,0.307707224319408,0.472081368233545,0.403510493208481,0.519999264964466,0.472727798101428,0.721307874024633,0.180333135905586,0.540982961318284,8.22319923646132e-06,0.147208121827411,0.393444396376725,0.514285662602914,0.580881770158871,0.383563261097473,0.596272704041445,0.426230744141516,0.0150274622788593
1,30000000,12831200855,133,"Canada","Music","Jan","19",88749000,0,"2011",68.9,36991981,5.56,30628482,56.130366,-106.346771,0.917563296156004,0.40001016132153,0.633801886066835,0.403510493208481,0.400004064772474,0.446429557032493,0.721307874024633,0.693545291582017,0.467742481949914,0.983863189680435,0.147208121827411,0.370969849250442,0.529411356059126,0.541665832448837,0.500000023872834,0.389832403236837,0.4,0.155529262062415
0,29300000,21226945136,14,"Argentina","People","Oct","31",15,0,"2015",90,44938712,9.79,41339571,-38.416097,-63.616672,0.848523010266945,0.777747097364362,0.37778052984104,0.571427324929495,0.545450561165042,0.479167134505044,0.721307874024633,0.8360600912014,0.277781922989882,1.00322668871298e-05,0.147208121827411,0.423078433556597,0.529411356059126,0.541665832448837,0.475410265788702,0.777777777777778,0.485714512983766,0.6780119606274
0,28400000,9956764048,5809,"United States","Entertainment","Nov","21",26435000,0,"2006",88.2,328239523,14.7,270663028,37.09024,-95.712891,0.918566397856921,0.526315681174103,0.472081368233545,0.500000031218181,0.391309144097066,0.500000030061973,0.721307874024633,0.786880569554214,0.491803439671098,8.22319923646132e-06,0.147208121827411,0.51984119754833,0.514285662602914,0.526315681174103,0.526315681174103,0.522900682147689,0.501976283190093,0.0852555778039449
1,28200000,14412474625,15,"United States","Music","Jun","22",158591000,2e+05,"2005",88.2,328239523,14.7,270663028,37.09024,-95.712891,0.871870202943683,0.526315681174103,0.633801886066835,0.425533533826443,0.555553558141425,0.470590060783285,0.721307874024633,0.693545291582017,0.277781922989882,0.983863189680435,0.80519086275992,0.51984119754833,0.514285662602914,0.526315681174103,0.526315681174103,0.522900682147689,0.501976283190093,0.840619410574855
0,27800000,2303069221,0,"Singapore","People","Jan","2",0,1,"2008",84.8,5703569,4.11,5703569,1.352083,103.819836,0.878853872651234,0.50000081128267,0.37778052984104,0.403510493208481,0.409095114920986,0.529410947424388,0.721307874024633,0.161295811734918,0.501623376623377,0.501623376623377,0.411167971854847,0.51984119754833,0.529411356059126,0.428572588107754,0.500000023872834,0.596272704041445,0.426230744141516,0.0109108638312009
0,27500000,4552581106,27,"United States","Music","Jun","23",649,0,"2011",88.2,328239523,14.7,270663028,37.09024,-95.712891,0.861937407404184,0.526315681174103,0.633801886066835,0.425533533826443,0.599993441995642,0.446429557032493,0.612901430999123,0.180333135905586,0.277781922989882,1.00322668871298e-05,0.147208121827411,0.51984119754833,0.514285662602914,0.526315681174103,0.526315681174103,0.522900682147689,0.501976283190093,0.0211561575899112
1,27400000,19883150017,1753,"South Korea","Music","Jan","25",307631000,2e+05,"2008",94.3,51709098,4.15,42106719,35.907757,127.766922,0.935038090217859,0.615375865193187,0.633801886066835,0.403510493208481,0.615375865193187,0.529410947424388,0.612901430999123,0.8360600912014,0.540982961318284,0.999991830025354,0.80519086275992,0.423078433556597,0.400001451741784,0.428572588107754,0.475410265788702,0.522900682147689,0.426230744141516,0.966377884542499
1,27400000,10336420490,642,"United States","Entertainment","May","12",175844000,4e+05,"2015",88.2,328239523,14.7,270663028,37.09024,-95.712891,0.91674316697754,0.526315681174103,0.472081368233545,0.549018678523492,0.434785514689649,0.479167134505044,0.612901430999123,0.786880569554214,0.491803439671098,0.983863189680435,0.93999123264288,0.51984119754833,0.514285662602914,0.526315681174103,0.526315681174103,0.522900682147689,0.501976283190093,0.963828476709505
1,27400000,19417887510,3664,"United Kingdom","Games","Jul","14",78668000,5e+05,"2012",60,66834405,3.85,55908316,55.378051,-3.435973,0.912629341706634,0.366671165073718,0.366668915907679,0.500000030061973,0.400005080914785,0.510638106069586,0.612901430999123,0.8360600912014,0.629030203115702,0.983863189680435,0.93999123264288,0.370969849250442,0.400001451741784,0.428572588107754,0.347828315870446,0.389832403236837,0.294121715718841,0.999246182858512
1,26700000,4388047013,241,"United States","Entertainment","Apr","24",276187000,1200000,"2016",88.2,328239523,14.7,270663028,37.09024,-95.712891,0.89460678701289,0.526315681174103,0.472081368233545,0.441861854919109,0.50000009018258,0.547617952510098,0.612901430999123,0.180333135905586,0.426230744141516,0.999991830025354,0.981472595384838,0.51984119754833,0.514285662602914,0.526315681174103,0.526315681174103,0.522900682147689,0.501976283190093,0.999996187384147
1,26500000,20358117330,6873,"United States","Music","Nov","8",89098000,0,"2008",88.2,328239523,14.7,270663028,37.09024,-95.712891,0.964095402043313,0.526315681174103,0.633801886066835,0.500000031218181,0.565214626467398,0.529410947424388,0.612901430999123,0.8360600912014,0.491803439671098,0.983863189680435,0.147208121827411,0.51984119754833,0.514285662602914,0.526315681174103,0.526315681174103,0.522900682147689,0.501976283190093,0.692311963545894
1,26400000,8595760553,3622,"India","Film","Jul","22",99677000,4e+05,"2015",28.1,1366417754,5.36,471031528,20.593684,78.96288,0.980198927922174,0.634781450799355,0.518517892795697,0.500000030061973,0.555553558141425,0.479167134505044,0.612901430999123,0.64515897523228,0.629030203115702,0.983863189680435,0.93999123264288,0.63865431066442,0.634781450799355,0.580881770158871,0.634781450799355,0.596272704041445,0.634781450799355,0.945819686417766
1,26400000,27006526665,865,"United States","Comedy","Feb","3",1.046e+09,1300000,"2020",88.2,328239523,14.7,270663028,37.09024,-95.712891,0.917366439010948,0.526315681174103,0.378381709234254,0.54999879061465,0.50000009018258,0.799980109551138,0.612901430999123,0.919348101214119,0.532257570416229,0.935476873330698,0.981472595384838,0.51984119754833,0.514285662602914,0.526315681174103,0.526315681174103,0.522900682147689,0.501976283190093,0.999999998853044
1,26400000,17211600007,967,"Italy","Entertainment","Dec","5",1.225e+09,2e+06,"2020",61.9,60297396,9.89,42651966,41.87194,12.56738,0.975668491329998,0.000501122254369008,0.472081368233545,0.386366255843654,0.588230199598648,0.799980109551138,0.612901430999123,0.8360600912014,0.532257570416229,0.935476873330698,0.981472595384838,0.370969849250442,0.400001451741784,0.360001888286511,0.475410265788702,0.324329116061096,0.531914249130372,0.999999999998595
1,25400000,34300482066,8775,"United States","Games","Jul","30",815341000,6e+05,"2016",88.2,328239523,14.7,270663028,37.09024,-95.712891,0.856899810023606,0.526315681174103,0.366668915907679,0.500000030061973,0.500000081164773,0.547617952510098,0.612901430999123,0.919348101214119,0.491803439671098,0.935476873330698,0.93999123264288,0.51984119754833,0.514285662602914,0.526315681174103,0.526315681174103,0.522900682147689,0.501976283190093,0.999998239323697
1,25200000,10409352249,51129,"India","News","Mar","23",273920000,3e+05,"2015",28.1,1366417754,5.36,471031528,20.593684,78.96288,0.978253174340352,0.634781450799355,0.789458534991665,0.519999632474883,0.599993441995642,0.479167134505044,0.612901430999123,0.786880569554214,0.790317924281489,0.999991830025354,0.902429248637268,0.63865431066442,0.634781450799355,0.580881770158871,0.634781450799355,0.596272704041445,0.634781450799355,0.901326482552633
1,24700000,20531704527,104,"United States","Music","May","12",139443000,1e+05,"2009",88.2,328239523,14.7,270663028,37.09024,-95.712891,0.805038021178916,0.526315681174103,0.633801886066835,0.549018678523492,0.434785514689649,0.666662434895942,0.612901430999123,0.8360600912014,0.467742481949914,0.983863189680435,0.411167971854847,0.51984119754833,0.514285662602914,0.526315681174103,0.526315681174103,0.522900682147689,0.501976283190093,0.917473423773485
1,24100000,10999000479,802,"Argentina","Entertainment","Jan","17",401512000,6e+05,"2014",90,44938712,9.79,41339571,-38.416097,-63.616672,0.847727307118475,0.777747097364362,0.472081368233545,0.403510493208481,0.500000101454698,0.472727798101428,0.612901430999123,0.786880569554214,0.491803439671098,0.935476873330698,0.93999123264288,0.423078433556597,0.529411356059126,0.541665832448837,0.475410265788702,0.777777777777778,0.485714512983766,0.99861640379578
1,24100000,8425505919,252,"United States","Music","Sep","24",63293000,0,"2008",88.2,328239523,14.7,270663028,37.09024,-95.712891,0.885599003639072,0.526315681174103,0.633801886066835,0.590907738115735,0.50000009018258,0.529410947424388,0.612901430999123,0.64515897523228,0.426230744141516,0.147546788140795,0.147208121827411,0.51984119754833,0.514285662602914,0.526315681174103,0.526315681174103,0.522900682147689,0.501976283190093,0.086056447515075
1,24100000,11041261296,590,"United States","Entertainment","Feb","1",66884000,2e+05,"2019",88.2,328239523,14.7,270663028,37.09024,-95.712891,0.818591203307733,0.526315681174103,0.472081368233545,0.54999879061465,0.500000067637874,0.411769991375603,0.612901430999123,0.786880569554214,0.403227393483599,0.147546788140795,0.80519086275992,0.51984119754833,0.514285662602914,0.526315681174103,0.526315681174103,0.522900682147689,0.501976283190093,0.746882836449038
1,23800000,17688774915,443,"United States","Music","Apr","12",122914000,1e+05,"2007",88.2,328239523,14.7,270663028,37.09024,-95.712891,0.841100526740775,0.526315681174103,0.633801886066835,0.441861854919109,0.434785514689649,0.576920180892143,0.612901430999123,0.8360600912014,0.403227393483599,0.967205482260563,0.411167971854847,0.51984119754833,0.514285662602914,0.526315681174103,0.526315681174103,0.522900682147689,0.501976283190093,0.84315008419629
0,23700000,2543809954,1732,"United States","Games","Nov","11",8368000,0,"2011",88.2,328239523,14.7,270663028,37.09024,-95.712891,0.96520634344779,0.526315681174103,0.366668915907679,0.500000031218181,0.533331219477143,0.446429557032493,0.612901430999123,0.161295811734918,0.540982961318284,8.09056912990721e-06,0.147208121827411,0.51984119754833,0.514285662602914,0.526315681174103,0.526315681174103,0.522900682147689,0.501976283190093,0.0176165543853284
0,23500000,14777034543,6066,"United Kingdom","Games","May","27",41669000,0,"2014",60,66834405,3.85,55908316,55.378051,-3.435973,0.947641894221306,0.366671165073718,0.366668915907679,0.549018678523492,0.368428062911248,0.472727798101428,0.612901430999123,0.693545291582017,0.491803439671098,8.09056912990721e-06,0.147208121827411,0.370969849250442,0.400001451741784,0.428572588107754,0.347828315870446,0.389832403236837,0.294121715718841,0.378415119196043
0,23400000,7926899136,1291,"Brazil","Entertainment","Apr","14",28285000,0,"2014",51.3,212559417,12.08,183241641,-14.235004,-51.92528,0.82994421501644,0.404257390765657,0.472081368233545,0.441861854919109,0.400005080914785,0.472727798101428,0.612901430999123,0.64515897523228,0.532257570416229,8.22319923646132e-06,0.147208121827411,0.476923456921842,0.400001693694715,0.360001888286511,0.383563261097473,0.38596694134097,0.485714512983766,0.0796735711968953
0,23200000,2634,1,"United States","Entertainment","Mar","15",6.589e+09,1e+05,"2016",88.2,328239523,14.7,270663028,37.09024,-95.712891,0.943906005471945,0.526315681174103,0.472081368233545,0.519999632474883,0.59999508141476,0.547617952510098,0.612901430999123,0.100006693611384,0.277781922989882,0.501623376623377,0.411167971854847,0.51984119754833,0.514285662602914,0.526315681174103,0.526315681174103,0.522900682147689,0.501976283190093,0.26466399198388
0,23100000,2551113422,4445,"United States","Tech","Dec","6",13246000,1e+05,"2006",88.2,328239523,14.7,270663028,37.09024,-95.712891,0.893353080609813,0.526315681174103,0.428576646195031,0.386366255843654,0.576920180892143,0.500000030061973,0.612901430999123,0.161295811734918,0.629030203115702,8.09056912990721e-06,0.411167971854847,0.51984119754833,0.514285662602914,0.526315681174103,0.526315681174103,0.522900682147689,0.501976283190093,0.0686014877452012
1,23100000,9299371231,456,"India","Music","Sep","27",304021000,7e+05,"2016",28.1,1366417754,5.36,471031528,20.593684,78.96288,0.857206639135256,0.634781450799355,0.633801886066835,0.590907738115735,0.368428062911248,0.547617952510098,0.612901430999123,0.64515897523228,0.403227393483599,0.999991830025354,0.981472595384838,0.63865431066442,0.634781450799355,0.580881770158871,0.634781450799355,0.596272704041445,0.634781450799355,0.999453428319511
1,23000000,10939966484,5718,"India","Music","Mar","23",93183000,1e+05,"2014",28.1,1366417754,5.36,471031528,20.593684,78.96288,0.80085068452172,0.634781450799355,0.633801886066835,0.519999632474883,0.599993441995642,0.472727798101428,0.612901430999123,0.786880569554214,0.491803439671098,0.983863189680435,0.411167971854847,0.63865431066442,0.634781450799355,0.580881770158871,0.634781450799355,0.596272704041445,0.634781450799355,0.456414488964243
1,22500000,10613701948,526,"United States","Entertainment","Nov","9",65066000,1e+05,"2018",88.2,328239523,14.7,270663028,37.09024,-95.712891,0.850658392067999,0.526315681174103,0.472081368233545,0.500000031218181,0.516128564348783,0.666660554178609,0.689651930542174,0.786880569554214,0.403227393483599,0.147546788140795,0.411167971854847,0.51984119754833,0.514285662602914,0.526315681174103,0.526315681174103,0.522900682147689,0.501976283190093,0.443400799200789
0,22300000,8663830163,34,"France","Music","Nov","3",735,10,"2019",65.6,67059887,8.43,54123364,46.227638,2.213749,0.812836602330208,0.000250686345139119,0.633801886066835,0.500000031218181,0.50000009018258,0.411769991375603,0.689651930542174,0.64515897523228,0.277781922989882,1.00322668871298e-05,0.411167971854847,0.370969849250442,0.375002261091349,0.541665832448837,0.347828315870446,0.324329116061096,0.531914249130372,0.105730137007951
1,22000000,18347969186,6274,"Japan","Entertainment","Feb","13",711254000,8e+05,"2021",63.2,126226568,2.29,115782416,36.204824,138.252924,0.868492268724367,0.333389411321767,0.472081368233545,0.54999879061465,0.59999508141476,0.545450561165042,0.689651930542174,0.8360600912014,0.491803439671098,0.935476873330698,0.981472595384838,0.370969849250442,0.400001693694715,0.418183335273479,0.383563261097473,0.522900682147689,0.426230744141516,0.999991692566365
1,21600000,5863377051,219,"India","Howto","Apr","25",194604000,4e+05,"2018",28.1,1366417754,5.36,471031528,20.593684,78.96288,0.869161075213924,0.634781450799355,0.15385952937874,0.441861854919109,0.615375865193187,0.666660554178609,0.689651930542174,0.306454760784126,0.426230744141516,0.983863189680435,0.93999123264288,0.63865431066442,0.634781450799355,0.580881770158871,0.634781450799355,0.596272704041445,0.634781450799355,0.930736204306032
0,21500000,15013096899,158,"Mexico","Entertainment","Jan","2",15459,0,"2014",40.2,126014024,3.42,102626859,23.634501,-102.552784,0.815180532867089,0.280008864580482,0.472081368233545,0.403510493208481,0.409095114920986,0.472727798101428,0.689651930542174,0.693545291582017,0.467742481949914,1.00322668871298e-05,0.147208121827411,0.393444396376725,0.375002261091349,0.418183335273479,0.347828315870446,0.387100468480908,0.501976283190093,0.439902485099918
1,21300000,12761253839,951,"India","People","Jul","27",729409000,1600000,"2016",28.1,1366417754,5.36,471031528,20.593684,78.96288,0.889386403374374,0.634781450799355,0.37778052984104,0.500000030061973,0.368428062911248,0.547617952510098,0.689651930542174,0.693545291582017,0.532257570416229,0.935476873330698,0.981472595384838,0.63865431066442,0.634781450799355,0.580881770158871,0.634781450799355,0.596272704041445,0.634781450799355,0.999999999216386
1,21300000,10047736580,669,"India","Entertainment","Feb","2",236293000,6e+05,"2021",28.1,1366417754,5.36,471031528,20.593684,78.96288,0.955703373299912,0.634781450799355,0.472081368233545,0.54999879061465,0.409095114920986,0.545450561165042,0.689651930542174,0.786880569554214,0.491803439671098,0.999991830025354,0.93999123264288,0.63865431066442,0.634781450799355,0.580881770158871,0.634781450799355,0.596272704041445,0.634781450799355,0.998549690779986
0,21100000,5783557209,4728,"United States","Howto","Jan","22",24691000,0,"2016",88.2,328239523,14.7,270663028,37.09024,-95.712891,0.938384160865098,0.526315681174103,0.15385952937874,0.403510493208481,0.555553558141425,0.547617952510098,0.689651930542174,0.306454760784126,0.491803439671098,8.22319923646132e-06,0.147208121827411,0.51984119754833,0.514285662602914,0.526315681174103,0.526315681174103,0.522900682147689,0.501976283190093,0.0558465392325852
1,20900000,11058049885,9850,"United States","People","Aug","18",383700000,6e+05,"2020",88.2,328239523,14.7,270663028,37.09024,-95.712891,0.909293025266379,0.526315681174103,0.37778052984104,0.535713676958923,0.400006774440146,0.799980109551138,0.689651930542174,0.786880569554214,0.491803439671098,0.935476873330698,0.93999123264288,0.51984119754833,0.514285662602914,0.526315681174103,0.526315681174103,0.522900682147689,0.501976283190093,0.999008723340234
0,20900000,17324976752,6,"United States","Music","Jul","31",99,0,"2006",88.2,328239523,14.7,270663028,37.09024,-95.712891,0.801061970414594,0.526315681174103,0.633801886066835,0.500000030061973,0.545450561165042,0.500000030061973,0.689651930542174,0.8360600912014,0.277781922989882,1.00322668871298e-05,0.147208121827411,0.51984119754833,0.514285662602914,0.526315681174103,0.526315681174103,0.522900682147689,0.501976283190093,0.617546966061399
0,20400000,7311322368,1006,"United States","People","Sep","19",14646000,1e+05,"2013",88.2,328239523,14.7,270663028,37.09024,-95.712891,0.874234423041344,0.526315681174103,0.37778052984104,0.590907738115735,0.400004064772474,0.465117128052292,0.689651930542174,0.393444396376725,0.532257570416229,8.09056912990721e-06,0.411167971854847,0.51984119754833,0.514285662602914,0.526315681174103,0.526315681174103,0.522900682147689,0.501976283190093,0.273694797546882
0,20400000,13397000296,0,"Afghanistan","Games","Nov","28",0,12,"2006",9.7,38041754,11.12,9797273,33.93911,67.709953,0.822307666996494,0.501623376623377,0.366668915907679,0.500000031218181,0.500000115947191,0.500000030061973,0.689651930542174,0.693545291582017,0.501623376623377,0.501623376623377,0.411167971854847,0.63865431066442,0.529411356059126,0.360001888286511,0.500000023872834,0.522900682147689,0.531914249130372,0.356242731211443
0,20400000,4707412332,462,"Ukraine","Entertainment","Dec","11",28990000,0,"2012",82.7,44385155,8.88,30835699,48.379433,31.16558,0.977062574820593,0.666639164035431,0.472081368233545,0.386366255843654,0.533331219477143,0.510638106069586,0.689651930542174,0.180333135905586,0.403227393483599,8.22319923646132e-06,0.147208121827411,0.51984119754833,0.529411356059126,0.541665832448837,0.500000023872834,0.324329116061096,0.531914249130372,0.0446719276961591
0,20400000,3579555124,239,"India","Music","May","3",41289000,1e+05,"2013",28.1,1366417754,5.36,471031528,20.593684,78.96288,0.980965844588354,0.634781450799355,0.633801886066835,0.549018678523492,0.50000009018258,0.465117128052292,0.689651930542174,0.161295811734918,0.426230744141516,8.09056912990721e-06,0.411167971854847,0.63865431066442,0.634781450799355,0.580881770158871,0.634781450799355,0.596272704041445,0.634781450799355,0.115879077969454
0,20200000,2764127969,693,"United Arab Emirates","Entertainment","Apr","24",15556000,1e+05,"2014",36.8,9770529,2.35,8479744,23.424076,53.847818,0.95448111789301,0.999900344606403,0.472081368233545,0.441861854919109,0.50000009018258,0.472727798101428,0.689651930542174,0.161295811734918,0.491803439671098,8.09056912990721e-06,0.411167971854847,0.393444396376725,0.529411356059126,0.418183335273479,0.500000023872834,0.387100468480908,0.531914249130372,0.0950252409929069
1,20200000,6098644584,3713,"Indonesia","Games","Mar","15",64489000,2e+05,"2014",36.3,270203917,4.69,151509724,-0.789275,113.921327,0.890678162919357,0.307707224319408,0.366668915907679,0.519999632474883,0.59999508141476,0.472727798101428,0.689651930542174,0.306454760784126,0.629030203115702,0.147546788140795,0.80519086275992,0.393444396376725,0.514285662602914,0.580881770158871,0.383563261097473,0.596272704041445,0.426230744141516,0.515986377859711
0,20100000,11317309935,1481,"United States","Entertainment","Feb","1",14862000,1e+05,"2007",88.2,328239523,14.7,270663028,37.09024,-95.712891,0.820573821896687,0.526315681174103,0.472081368233545,0.54999879061465,0.500000067637874,0.576920180892143,0.689651930542174,0.786880569554214,0.540982961318284,8.09056912990721e-06,0.411167971854847,0.51984119754833,0.514285662602914,0.526315681174103,0.526315681174103,0.522900682147689,0.501976283190093,0.549396781508121
0,19700000,10955619815,1,"United States","Games","Oct","6",0,0,"2011",88.2,328239523,14.7,270663028,37.09024,-95.712891,0.971598046133295,0.526315681174103,0.366668915907679,0.571427324929495,0.576920180892143,0.446429557032493,0.412699824183372,0.786880569554214,0.277781922989882,0.501623376623377,0.147208121827411,0.51984119754833,0.514285662602914,0.526315681174103,0.526315681174103,0.522900682147689,0.501976283190093,0.228248525072037
0,19700000,9808676159,267,"United Kingdom","Music","Mar","25",336,0,"2006",60,66834405,3.85,55908316,55.378051,-3.435973,0.889368754113093,0.366671165073718,0.633801886066835,0.519999632474883,0.615375865193187,0.500000030061973,0.412699824183372,0.786880569554214,0.426230744141516,1.00322668871298e-05,0.147208121827411,0.370969849250442,0.400001451741784,0.428572588107754,0.347828315870446,0.389832403236837,0.294121715718841,0.175707079170464
1,19600000,8779729549,1306,"Turkey","Entertainment","Apr","17",110806000,1e+05,"2020",23.9,83429615,13.49,63097818,38.963745,35.243322,0.86294921906665,0.999750936220202,0.472081368233545,0.441861854919109,0.500000101454698,0.799980109551138,0.412699824183372,0.64515897523228,0.532257570416229,0.967205482260563,0.411167971854847,0.63865431066442,0.375002261091349,0.360001888286511,0.347828315870446,0.324329116061096,0.531914249130372,0.391295097300509
0,19500000,5234251168,847,"India","Entertainment","Mar","14",59841000,3e+05,"2014",28.1,1366417754,5.36,471031528,20.593684,78.96288,0.953910454874858,0.634781450799355,0.472081368233545,0.519999632474883,0.400005080914785,0.472727798101428,0.412699824183372,0.306454760784126,0.491803439671098,0.147546788140795,0.902429248637268,0.63865431066442,0.634781450799355,0.580881770158871,0.634781450799355,0.596272704041445,0.634781450799355,0.774619286239785
0,19400000,1577859332,85,"Mexico","People","Sep","15",2382000,1e+05,"2017",40.2,126014024,3.42,102626859,23.634501,-102.552784,0.847793153021485,0.280008864580482,0.37778052984104,0.590907738115735,0.59999508141476,0.413045403868973,0.412699824183372,0.100006693611384,0.277781922989882,1.00322668871298e-05,0.411167971854847,0.393444396376725,0.375002261091349,0.418183335273479,0.347828315870446,0.387100468480908,0.501976283190093,0.07472257054231
0,19400000,5529131886,10728,"Switzerland","Sports","Sep","6",58863000,1e+05,"2006",59.6,8574832,4.58,6332428,46.818188,8.227512,0.932707263156772,0.501623376623377,0.777747097364362,0.590907738115735,0.576920180892143,0.500000030061973,0.412699824183372,0.306454760784126,0.491803439671098,0.147546788140795,0.411167971854847,0.370969849250442,0.529411356059126,0.428572588107754,0.500000023872834,0.324329116061096,0.531914249130372,0.202917781819264
0,19200000,4329121104,570,"United States","Comedy","Sep","22",2730000,0,"2005",88.2,328239523,14.7,270663028,37.09024,-95.712891,0.867004090221599,0.526315681174103,0.378381709234254,0.590907738115735,0.555553558141425,0.470590060783285,0.412699824183372,0.180333135905586,0.403227393483599,1.00322668871298e-05,0.147208121827411,0.51984119754833,0.514285662602914,0.526315681174103,0.526315681174103,0.522900682147689,0.501976283190093,0.0448400821016737
0,18900000,2855519150,375,"Russia","Entertainment","Oct","16",24563000,0,"2014",81.9,144373535,4.59,107683889,61.52401,105.318756,0.864830747013912,0.40001016132153,0.472081368233545,0.571427324929495,0.444447620875319,0.472727798101428,0.412699824183372,0.161295811734918,0.426230744141516,8.22319923646132e-06,0.147208121827411,0.51984119754833,0.400001693694715,0.428572588107754,0.383563261097473,0.389832403236837,0.426230744141516,0.0310234035165352
1,18800000,5257834105,312,"United Kingdom","Entertainment","Jun","14",78158000,1e+05,"2015",60,66834405,3.85,55908316,55.378051,-3.435973,0.971891680266708,0.366671165073718,0.472081368233545,0.425533533826443,0.400005080914785,0.479167134505044,0.412699824183372,0.306454760784126,0.426230744141516,0.983863189680435,0.411167971854847,0.370969849250442,0.400001451741784,0.428572588107754,0.347828315870446,0.389832403236837,0.294121715718841,0.201301108354391
0,18500000,8147575884,493,"Russia","People","Jan","14",48947000,1e+05,"2016",81.9,144373535,4.59,107683889,61.52401,105.318756,0.951627911766991,0.40001016132153,0.37778052984104,0.403510493208481,0.400005080914785,0.547617952510098,0.412699824183372,0.64515897523228,0.403227393483599,0.147546788140795,0.411167971854847,0.51984119754833,0.400001693694715,0.428572588107754,0.383563261097473,0.389832403236837,0.426230744141516,0.369791444855518
1,18500000,4051072188,679,"Indonesia","People","Jan","6",197369000,1600000,"2014",36.3,270203917,4.69,151509724,-0.789275,113.921327,0.963498546509072,0.307707224319408,0.37778052984104,0.403510493208481,0.576920180892143,0.472727798101428,0.412699824183372,0.180333135905586,0.491803439671098,0.983863189680435,0.981472595384838,0.393444396376725,0.514285662602914,0.580881770158871,0.383563261097473,0.596272704041445,0.426230744141516,0.999999991429065
0,18400000,7038827526,6943,"Spain","Games","Jan","26",11004000,0,"2011",88.9,47076781,13.96,37927409,40.463667,-3.74922,0.940348780713975,0.20001508041481,0.366668915907679,0.403510493208481,0.519999264964466,0.446429557032493,0.412699824183372,0.393444396376725,0.491803439671098,8.09056912990721e-06,0.147208121827411,0.423078433556597,0.400001451741784,0.360001888286511,0.475410265788702,0.324329116061096,0.294121715718841,0.0996298334509541
1,18400000,25367126292,197,"United States","Music","Sep","2",267126000,0,"2009",88.2,328239523,14.7,270663028,37.09024,-95.712891,0.803962741047144,0.526315681174103,0.633801886066835,0.590907738115735,0.409095114920986,0.666662434895942,0.412699824183372,0.919348101214119,0.467742481949914,0.999991830025354,0.147208121827411,0.51984119754833,0.514285662602914,0.526315681174103,0.526315681174103,0.522900682147689,0.501976283190093,0.957806843392669
1,18300000,7760819588,142,"United States","Entertainment","Sep","15",127982000,1e+05,"2009",88.2,328239523,14.7,270663028,37.09024,-95.712891,0.926303341286257,0.526315681174103,0.472081368233545,0.590907738115735,0.59999508141476,0.666662434895942,0.412699824183372,0.64515897523228,0.467742481949914,0.967205482260563,0.411167971854847,0.51984119754833,0.514285662602914,0.526315681174103,0.526315681174103,0.522900682147689,0.501976283190093,0.355399014769867
1,18100000,13378360425,420,"United States","Entertainment","Oct","13",497044000,7e+05,"2012",88.2,328239523,14.7,270663028,37.09024,-95.712891,0.820767922326922,0.526315681174103,0.472081368233545,0.571427324929495,0.59999508141476,0.510638106069586,0.412699824183372,0.693545291582017,0.403227393483599,0.935476873330698,0.981472595384838,0.51984119754833,0.514285662602914,0.526315681174103,0.526315681174103,0.522900682147689,0.501976283190093,0.999903832121205
1,17900000,9867515979,602,"Vietnam","Entertainment","Nov","22",84467000,1e+05,"2019",28.5,96462106,2.01,35332140,14.058324,108.277199,0.831425701268017,0.000501122254369008,0.472081368233545,0.500000031218181,0.555553558141425,0.411769991375603,0.412699824183372,0.786880569554214,0.491803439671098,0.983863189680435,0.411167971854847,0.000501122254369008,0.375002261091349,0.418183335273479,0.475410265788702,0.596272704041445,0.426230744141516,0.507786035053501
1,17900000,9887116267,830,"United States","Music","Jul","21",447891000,4e+05,"2008",88.2,328239523,14.7,270663028,37.09024,-95.712891,0.84693632973358,0.526315681174103,0.633801886066835,0.500000030061973,0.391309144097066,0.529410947424388,0.412699824183372,0.786880569554214,0.491803439671098,0.935476873330698,0.93999123264288,0.51984119754833,0.514285662602914,0.526315681174103,0.526315681174103,0.522900682147689,0.501976283190093,0.985374784206307
1,17700000,17247584185,1316,"Argentina","Music","Oct","18",640030000,6e+05,"2013",90,44938712,9.79,41339571,-38.416097,-63.616672,0.827030942542478,0.777747097364362,0.633801886066835,0.571427324929495,0.400006774440146,0.465117128052292,0.412699824183372,0.8360600912014,0.532257570416229,0.935476873330698,0.93999123264288,0.423078433556597,0.529411356059126,0.541665832448837,0.475410265788702,0.777777777777778,0.485714512983766,0.999887977331063
1,17500000,7263619576,182742,"India","News","Oct","25",394106000,7e+05,"2007",28.1,1366417754,5.36,471031528,20.593684,78.96288,0.96004230552353,0.634781450799355,0.789458534991665,0.571427324929495,0.615375865193187,0.576920180892143,0.412699824183372,0.393444396376725,0.790317924281489,0.935476873330698,0.981472595384838,0.63865431066442,0.634781450799355,0.580881770158871,0.634781450799355,0.596272704041445,0.634781450799355,0.999462277723364
1,17400000,13043561912,118448,"Thailand","News","Feb","5",235993000,2e+05,"2014",49.3,69625582,0.75,35294600,15.870032,100.992541,0.971907415660098,0.555549563756985,0.789458534991665,0.54999879061465,0.588230199598648,0.472727798101428,0.412699824183372,0.693545291582017,0.790317924281489,0.999991830025354,0.80519086275992,0.476923456921842,0.375002261091349,0.555555555555556,0.500000023872834,0.596272704041445,0.555549563756985,0.916093676921382
1,17200000,7337212581,138,"Brazil","Music","Nov","2",72684000,0,"2011",51.3,212559417,12.08,183241641,-14.235004,-51.92528,0.913810034049675,0.404257390765657,0.633801886066835,0.500000031218181,0.409095114920986,0.446429557032493,0.412699824183372,0.393444396376725,0.467742481949914,0.983863189680435,0.147208121827411,0.476923456921842,0.400001693694715,0.360001888286511,0.383563261097473,0.38596694134097,0.485714512983766,0.122055194344078
0,17000000,1001465469,1407,"India","Entertainment","Mar","14",7626000,1e+05,"2013",28.1,1366417754,5.36,471031528,20.593684,78.96288,0.800653111655265,0.634781450799355,0.472081368233545,0.519999632474883,0.400005080914785,0.465117128052292,0.412699824183372,0.100006693611384,0.540982961318284,8.09056912990721e-06,0.411167971854847,0.63865431066442,0.634781450799355,0.580881770158871,0.634781450799355,0.596272704041445,0.634781450799355,0.0804259988291839
1,16900000,3523578665,4891,"Brazil","Nonprofit","Apr","10",149543000,4e+05,"2016",51.3,212559417,12.08,183241641,-14.235004,-51.92528,0.97736651962623,0.404257390765657,0.000501122254369008,0.441861854919109,0.272748079572459,0.547617952510098,0.412699824183372,0.161295811734918,0.491803439671098,0.983863189680435,0.93999123264288,0.476923456921842,0.400001693694715,0.360001888286511,0.383563261097473,0.38596694134097,0.485714512983766,0.915974396442705
0,16600000,1318442641,180,"Philippines","People","Jun","1",15079000,1e+05,"2018",35.5,108116615,2.15,50975903,12.879721,121.774017,0.858929601730779,0.555549563756985,0.37778052984104,0.425533533826443,0.500000067637874,0.666660554178609,0.412699824183372,0.100006693611384,0.467742481949914,8.09056912990721e-06,0.411167971854847,0.393444396376725,0.375002261091349,0.418183335273479,0.475410265788702,0.596272704041445,0.426230744141516,0.0908728753437576
1,16600000,11946217860,8976,"India","Music","Nov","21",89012000,1e+05,"2011",28.1,1366417754,5.36,471031528,20.593684,78.96288,0.98226772248745,0.634781450799355,0.633801886066835,0.500000031218181,0.391309144097066,0.446429557032493,0.412699824183372,0.786880569554214,0.491803439671098,0.983863189680435,0.411167971854847,0.63865431066442,0.634781450799355,0.580881770158871,0.634781450799355,0.596272704041445,0.634781450799355,0.68083359664434
0,16500000,2440934034,421,"United States","Entertainment","Mar","9",21953000,2e+05,"2014",88.2,328239523,14.7,270663028,37.09024,-95.712891,0.800502894679084,0.526315681174103,0.472081368233545,0.519999632474883,0.516128564348783,0.472727798101428,0.412699824183372,0.161295811734918,0.403227393483599,8.22319923646132e-06,0.80519086275992,0.51984119754833,0.514285662602914,0.526315681174103,0.526315681174103,0.522900682147689,0.501976283190093,0.349406961032169
1,16400000,12844432341,23952,"Thailand","Entertainment","Sep","13",181382000,2e+05,"2010",49.3,69625582,0.75,35294600,15.870032,100.992541,0.977707399986684,0.555549563756985,0.472081368233545,0.590907738115735,0.59999508141476,0.342861678905649,0.412699824183372,0.693545291582017,0.790317924281489,0.983863189680435,0.80519086275992,0.476923456921842,0.375002261091349,0.555555555555556,0.500000023872834,0.596272704041445,0.555549563756985,0.917984840344267
1,16200000,9763592867,3943,"Vietnam","Film","Jan","14",256733000,2e+05,"2014",28.5,96462106,2.01,35332140,14.058324,108.277199,0.957670163130388,0.000501122254369008,0.518517892795697,0.403510493208481,0.400005080914785,0.472727798101428,0.412699824183372,0.786880569554214,0.629030203115702,0.999991830025354,0.80519086275992,0.000501122254369008,0.375002261091349,0.418183335273479,0.475410265788702,0.596272704041445,0.426230744141516,0.829553946215003
0,16100000,1517638132,2805,"Indonesia","Games","Jan","28",9619000,0,"2015",36.3,270203917,4.69,151509724,-0.789275,113.921327,0.819820542354137,0.307707224319408,0.366668915907679,0.403510493208481,0.500000115947191,0.479167134505044,0.412699824183372,0.100006693611384,0.629030203115702,8.09056912990721e-06,0.147208121827411,0.393444396376725,0.514285662602914,0.580881770158871,0.383563261097473,0.596272704041445,0.426230744141516,0.0280337638260131
1,16100000,6872702790,671,"United States","Entertainment","Jul","15",399807000,3e+05,"2015",88.2,328239523,14.7,270663028,37.09024,-95.712891,0.819038103567436,0.526315681174103,0.472081368233545,0.500000030061973,0.59999508141476,0.479167134505044,0.412699824183372,0.393444396376725,0.491803439671098,0.935476873330698,0.902429248637268,0.51984119754833,0.514285662602914,0.526315681174103,0.526315681174103,0.522900682147689,0.501976283190093,0.897162277837518
0,16000000,3029872908,687,"Mexico","Games","May","25",4698000,0,"2015",40.2,126014024,3.42,102626859,23.634501,-102.552784,0.953563940711319,0.280008864580482,0.366668915907679,0.549018678523492,0.615375865193187,0.479167134505044,0.412699824183372,0.161295811734918,0.491803439671098,8.09056912990721e-06,0.147208121827411,0.393444396376725,0.375002261091349,0.418183335273479,0.347828315870446,0.387100468480908,0.501976283190093,0.0428699087450588
0,15900000,9962188084,2035,"United States","Music","Jun","9",9915000,0,"2016",88.2,328239523,14.7,270663028,37.09024,-95.712891,0.854501915629953,0.526315681174103,0.633801886066835,0.425533533826443,0.516128564348783,0.547617952510098,0.500000026183072,0.786880569554214,0.540982961318284,8.09056912990721e-06,0.147208121827411,0.51984119754833,0.514285662602914,0.526315681174103,0.526315681174103,0.522900682147689,0.501976283190093,0.247037034587856
1,15900000,9198986881,5105,"Brazil","Music","Jan","18",136388000,1e+05,"2010",51.3,212559417,12.08,183241641,-14.235004,-51.92528,0.990441862959415,0.404257390765657,0.633801886066835,0.403510493208481,0.400006774440146,0.342861678905649,0.500000026183072,0.64515897523228,0.491803439671098,0.983863189680435,0.411167971854847,0.476923456921842,0.400001693694715,0.360001888286511,0.383563261097473,0.38596694134097,0.485714512983766,0.515163392581412
1,15800000,4122634467,542,"Indonesia","Comedy","Jan","18",71870000,1e+05,"2017",36.3,270203917,4.69,151509724,-0.789275,113.921327,0.981103662168607,0.307707224319408,0.378381709234254,0.403510493208481,0.400006774440146,0.413045403868973,0.500000026183072,0.180333135905586,0.403227393483599,0.983863189680435,0.411167971854847,0.393444396376725,0.514285662602914,0.580881770158871,0.383563261097473,0.596272704041445,0.426230744141516,0.1975846694807
0,15700000,9787697838,16874,"India","Entertainment","Mar","23",51315000,0,"2012",28.1,1366417754,5.36,471031528,20.593684,78.96288,0.970138016855344,0.634781450799355,0.472081368233545,0.519999632474883,0.599993441995642,0.510638106069586,0.500000026183072,0.786880569554214,0.790317924281489,0.147546788140795,0.147208121827411,0.63865431066442,0.634781450799355,0.580881770158871,0.634781450799355,0.596272704041445,0.634781450799355,0.244261481386744
0,15600000,3869457097,2019,"Brazil","Entertainment","May","9",56218000,1e+05,"2010",51.3,212559417,12.08,183241641,-14.235004,-51.92528,0.953978736652061,0.404257390765657,0.472081368233545,0.549018678523492,0.516128564348783,0.342861678905649,0.500000026183072,0.180333135905586,0.540982961318284,0.147546788140795,0.411167971854847,0.476923456921842,0.400001693694715,0.360001888286511,0.383563261097473,0.38596694134097,0.485714512983766,0.188608586124196
0,15600000,6165757696,4245,"United States","Howto","Dec","13",27382000,0,"2018",88.2,328239523,14.7,270663028,37.09024,-95.712891,0.822994056157768,0.526315681174103,0.15385952937874,0.386366255843654,0.59999508141476,0.666660554178609,0.500000026183072,0.306454760784126,0.629030203115702,8.22319923646132e-06,0.147208121827411,0.51984119754833,0.514285662602914,0.526315681174103,0.526315681174103,0.522900682147689,0.501976283190093,0.103218175084278
1,15500000,6386271870,220,"Saudi Arabia","Music","Jul","26",90914000,2e+05,"2010",68,34268528,5.93,28807838,23.885942,45.079162,0.972012107260525,0.400020320611202,0.633801886066835,0.500000030061973,0.519999264964466,0.342861678905649,0.500000026183072,0.393444396376725,0.426230744141516,0.983863189680435,0.80519086275992,0.370969849250442,0.529411356059126,0.541665832448837,0.500000023872834,0.522900682147689,0.531914249130372,0.652546152465697
1,15500000,8265129639,1021,"Saudi Arabia","Film","May","16",135036000,3e+05,"2017",68,34268528,5.93,28807838,23.885942,45.079162,0.967071915278211,0.400020320611202,0.518517892795697,0.549018678523492,0.444447620875319,0.413045403868973,0.500000026183072,0.64515897523228,0.532257570416229,0.967205482260563,0.902429248637268,0.370969849250442,0.529411356059126,0.541665832448837,0.500000023872834,0.522900682147689,0.531914249130372,0.926263091635864
1,15500000,12714141740,1525,"India","Entertainment","Apr","9",139123000,2e+05,"2017",28.1,1366417754,5.36,471031528,20.593684,78.96288,0.80540008819662,0.634781450799355,0.472081368233545,0.441861854919109,0.516128564348783,0.413045403868973,0.500000026183072,0.693545291582017,0.540982961318284,0.983863189680435,0.80519086275992,0.63865431066442,0.634781450799355,0.580881770158871,0.634781450799355,0.596272704041445,0.634781450799355,0.920857551796454
1,15300000,9938811455,2175,"Russia","People","Apr","1",475565000,8e+05,"2021",81.9,144373535,4.59,107683889,61.52401,105.318756,0.828976813936606,0.40001016132153,0.37778052984104,0.441861854919109,0.500000067637874,0.545450561165042,0.500000026183072,0.786880569554214,0.540982961318284,0.935476873330698,0.981472595384838,0.51984119754833,0.400001693694715,0.428572588107754,0.383563261097473,0.389832403236837,0.426230744141516,0.99994936734562
0,15200000,1491452935,443,"Philippines","Entertainment","Apr","11",9980000,0,"2013",35.5,108116615,2.15,50975903,12.879721,121.774017,0.855362081900239,0.555549563756985,0.472081368233545,0.441861854919109,0.533331219477143,0.465117128052292,0.500000026183072,0.100006693611384,0.403227393483599,8.09056912990721e-06,0.147208121827411,0.393444396376725,0.375002261091349,0.418183335273479,0.475410265788702,0.596272704041445,0.426230744141516,0.0304030278065809
0,15200000,6624168155,91704,"India","News","Jan","19",49662000,1e+05,"2008",28.1,1366417754,5.36,471031528,20.593684,78.96288,0.865540239959955,0.634781450799355,0.789458534991665,0.403510493208481,0.400004064772474,0.529410947424388,0.500000026183072,0.393444396376725,0.790317924281489,0.147546788140795,0.411167971854847,0.63865431066442,0.634781450799355,0.580881770158871,0.634781450799355,0.596272704041445,0.634781450799355,0.346502650492497
0,15100000,2143140898,3810,"Indonesia","Entertainment","Jan","16",17231000,1e+05,"2017",36.3,270203917,4.69,151509724,-0.789275,113.921327,0.962604919215664,0.307707224319408,0.472081368233545,0.403510493208481,0.444447620875319,0.413045403868973,0.500000026183072,0.100006693611384,0.629030203115702,8.09056912990721e-06,0.411167971854847,0.393444396376725,0.514285662602914,0.580881770158871,0.383563261097473,0.596272704041445,0.426230744141516,0.128391695235348
0,15100000,3060202847,1037,"United States","People","Jan","12",43409000,2e+05,"2013",88.2,328239523,14.7,270663028,37.09024,-95.712891,0.953233512816951,0.526315681174103,0.37778052984104,0.403510493208481,0.434785514689649,0.465117128052292,0.500000026183072,0.161295811734918,0.532257570416229,8.09056912990721e-06,0.80519086275992,0.51984119754833,0.514285662602914,0.526315681174103,0.526315681174103,0.522900682147689,0.501976283190093,0.426582034732252
1,15100000,6668507856,3733,"Russia","Games","Jun","24",95603000,1e+05,"2013",81.9,144373535,4.59,107683889,61.52401,105.318756,0.979093609144911,0.40001016132153,0.366668915907679,0.425533533826443,0.50000009018258,0.465117128052292,0.500000026183072,0.393444396376725,0.629030203115702,0.983863189680435,0.411167971854847,0.51984119754833,0.400001693694715,0.428572588107754,0.383563261097473,0.389832403236837,0.426230744141516,0.355387188606107
1,15000000,9924103188,899,"India","People","Aug","17",113572000,4e+05,"2014",28.1,1366417754,5.36,471031528,20.593684,78.96288,0.878364619798958,0.634781450799355,0.37778052984104,0.535713676958923,0.500000101454698,0.472727798101428,0.500000026183072,0.786880569554214,0.532257570416229,0.967205482260563,0.93999123264288,0.63865431066442,0.634781450799355,0.580881770158871,0.634781450799355,0.596272704041445,0.634781450799355,0.987818735373739
0,15000000,7159750970,1362,"United States","Games","Feb","9",43133000,0,"2009",88.2,328239523,14.7,270663028,37.09024,-95.712891,0.989869935670868,0.526315681174103,0.366668915907679,0.54999879061465,0.516128564348783,0.666662434895942,0.500000026183072,0.393444396376725,0.540982961318284,8.09056912990721e-06,0.147208121827411,0.51984119754833,0.514285662602914,0.526315681174103,0.526315681174103,0.522900682147689,0.501976283190093,0.140399644483641
1,15000000,13562853889,1788,"Japan","Comedy","Jul","23",282372000,9e+05,"2014",63.2,126226568,2.29,115782416,36.204824,138.252924,0.994661550270393,0.333389411321767,0.378381709234254,0.500000030061973,0.599993441995642,0.472727798101428,0.500000026183072,0.693545291582017,0.540982961318284,0.999991830025354,0.981472595384838,0.370969849250442,0.400001693694715,0.418183335273479,0.383563261097473,0.522900682147689,0.426230744141516,0.999995147247598
0,14800000,1833519700,1481,"United States","Education","May","20",7177000,0,"2006",88.2,328239523,14.7,270663028,37.09024,-95.712891,0.848094942513853,0.526315681174103,0.727265889620818,0.549018678523492,0.608690997059981,0.500000030061973,0.275865961334746,0.100006693611384,0.540982961318284,8.09056912990721e-06,0.147208121827411,0.51984119754833,0.514285662602914,0.526315681174103,0.526315681174103,0.522900682147689,0.501976283190093,0.034715010709142
1,14800000,9076642765,318,"Brazil","Music","Jul","29",88120000,0,"2008",51.3,212559417,12.08,183241641,-14.235004,-51.92528,0.942691382020712,0.404257390765657,0.633801886066835,0.500000030061973,0.476191687223305,0.529410947424388,0.275865961334746,0.64515897523228,0.426230744141516,0.983863189680435,0.147208121827411,0.476923456921842,0.400001693694715,0.360001888286511,0.383563261097473,0.38596694134097,0.485714512983766,0.22643630028107
1,14800000,15788208522,2222,"United States","People","Mar","24",1.203e+09,1700000,"2021",88.2,328239523,14.7,270663028,37.09024,-95.712891,0.826672454364598,0.526315681174103,0.37778052984104,0.519999632474883,0.50000009018258,0.545450561165042,0.275865961334746,0.693545291582017,0.540982961318284,0.935476873330698,0.981472595384838,0.51984119754833,0.514285662602914,0.526315681174103,0.526315681174103,0.522900682147689,0.501976283190093,0.999999999962393
0,14700000,6751985988,698,"United States","Entertainment","Mar","26",36338000,1e+05,"2006",88.2,328239523,14.7,270663028,37.09024,-95.712891,0.902179984841496,0.526315681174103,0.472081368233545,0.519999632474883,0.519999264964466,0.500000030061973,0.275865961334746,0.393444396376725,0.491803439671098,8.09056912990721e-06,0.411167971854847,0.51984119754833,0.514285662602914,0.526315681174103,0.526315681174103,0.522900682147689,0.501976283190093,0.365365342506139
1,14700000,12362331529,23490,"India","Entertainment","Nov","28",347603000,4e+05,"2013",28.1,1366417754,5.36,471031528,20.593684,78.96288,0.857677181018516,0.634781450799355,0.472081368233545,0.500000031218181,0.500000115947191,0.465117128052292,0.275865961334746,0.786880569554214,0.790317924281489,0.999991830025354,0.93999123264288,0.63865431066442,0.634781450799355,0.580881770158871,0.634781450799355,0.596272704041445,0.634781450799355,0.994539981163908
0,14700000,4684983333,3978,"Brazil","Entertainment","May","27",40975000,1e+05,"2014",51.3,212559417,12.08,183241641,-14.235004,-51.92528,0.967070893617347,0.404257390765657,0.472081368233545,0.549018678523492,0.368428062911248,0.472727798101428,0.275865961334746,0.180333135905586,0.629030203115702,8.09056912990721e-06,0.411167971854847,0.476923456921842,0.400001693694715,0.360001888286511,0.383563261097473,0.38596694134097,0.485714512983766,0.242193398145643
0,14500000,2440718089,0,"Brazil","Music","May","11",0,0,"2013",51.3,212559417,12.08,183241641,-14.235004,-51.92528,0.907499270979315,0.404257390765657,0.633801886066835,0.549018678523492,0.533331219477143,0.465117128052292,0.275865961334746,0.161295811734918,0.501623376623377,0.501623376623377,0.147208121827411,0.476923456921842,0.400001693694715,0.360001888286511,0.383563261097473,0.38596694134097,0.485714512983766,0.0421235604176232
1,14500000,4598387043,18972,"United Kingdom","News","Apr","8",66273000,1e+05,"2006",60,66834405,3.85,55908316,55.378051,-3.435973,0.917996957432479,0.366671165073718,0.789458534991665,0.441861854919109,0.565214626467398,0.500000030061973,0.275865961334746,0.180333135905586,0.790317924281489,0.147546788140795,0.411167971854847,0.370969849250442,0.400001451741784,0.428572588107754,0.347828315870446,0.389832403236837,0.294121715718841,0.243006332631436
1,14500000,4821183481,605,"United States","Music","Jan","16",149241000,4e+05,"2018",88.2,328239523,14.7,270663028,37.09024,-95.712891,0.835572958923876,0.526315681174103,0.633801886066835,0.403510493208481,0.444447620875319,0.666660554178609,0.275865961334746,0.306454760784126,0.491803439671098,0.983863189680435,0.93999123264288,0.51984119754833,0.514285662602914,0.526315681174103,0.526315681174103,0.522900682147689,0.501976283190093,0.952651610797925
1,14500000,10303519926,293516,"India","News","Nov","19",418474000,7e+05,"2018",28.1,1366417754,5.36,471031528,20.593684,78.96288,0.815036650979891,0.634781450799355,0.789458534991665,0.500000031218181,0.400004064772474,0.666660554178609,0.275865961334746,0.786880569554214,0.790317924281489,0.935476873330698,0.981472595384838,0.63865431066442,0.634781450799355,0.580881770158871,0.634781450799355,0.596272704041445,0.634781450799355,0.999834650720595
1,14500000,20042571499,147,"United States","Music","May","12",98185000,0,"2009",88.2,328239523,14.7,270663028,37.09024,-95.712891,0.898551618680358,0.526315681174103,0.633801886066835,0.549018678523492,0.434785514689649,0.666662434895942,0.275865961334746,0.8360600912014,0.467742481949914,0.983863189680435,0.147208121827411,0.51984119754833,0.514285662602914,0.526315681174103,0.526315681174103,0.522900682147689,0.501976283190093,0.873951781940626
0,14400000,1629801448,399,"Peru","Entertainment","May","20",1002000,0,"2014",70.7,32510453,3.31,25390339,-9.189967,-75.015152,0.94577354635112,0.501623376623377,0.472081368233545,0.549018678523492,0.608690997059981,0.472727798101428,0.275865961334746,0.100006693611384,0.426230744141516,1.00322668871298e-05,0.147208121827411,0.51984119754833,0.529411356059126,0.418183335273479,0.500000023872834,0.596272704041445,0.485714512983766,0.0340529863706785
1,14400000,4156427797,1838,"India","People","Apr","19",70409000,2e+05,"2014",28.1,1366417754,5.36,471031528,20.593684,78.96288,0.825292179360986,0.634781450799355,0.37778052984104,0.441861854919109,0.400004064772474,0.472727798101428,0.275865961334746,0.180333135905586,0.540982961318284,0.147546788140795,0.80519086275992,0.63865431066442,0.634781450799355,0.580881770158871,0.634781450799355,0.596272704041445,0.634781450799355,0.5243438029222
0,14400000,4597228794,1248,"United States","Howto","Apr","8",26683000,0,"2010",88.2,328239523,14.7,270663028,37.09024,-95.712891,0.983059087768197,0.526315681174103,0.15385952937874,0.441861854919109,0.565214626467398,0.342861678905649,0.275865961334746,0.180333135905586,0.532257570416229,8.22319923646132e-06,0.147208121827411,0.51984119754833,0.514285662602914,0.526315681174103,0.526315681174103,0.522900682147689,0.501976283190093,0.0766443529887149
0,14300000,4776507159,576,"United States","Entertainment","Jul","8",413774,1e+05,"2014",88.2,328239523,14.7,270663028,37.09024,-95.712891,0.804003982804716,0.526315681174103,0.472081368233545,0.500000030061973,0.565214626467398,0.472727798101428,0.275865961334746,0.306454760784126,0.403227393483599,1.00322668871298e-05,0.411167971854847,0.51984119754833,0.514285662602914,0.526315681174103,0.526315681174103,0.522900682147689,0.501976283190093,0.251902547298415
1,14200000,6554000320,433,"India","Education","Mar","13",141688000,3e+05,"2014",28.1,1366417754,5.36,471031528,20.593684,78.96288,0.845109877642244,0.634781450799355,0.727265889620818,0.519999632474883,0.59999508141476,0.472727798101428,0.275865961334746,0.393444396376725,0.403227393483599,0.983863189680435,0.902429248637268,0.63865431066442,0.634781450799355,0.580881770158871,0.634781450799355,0.596272704041445,0.634781450799355,0.898052415620232
0,14200000,11428794827,132398,"India","Entertainment","Feb","26",59927000,2e+05,"2008",28.1,1366417754,5.36,471031528,20.593684,78.96288,0.804035180481151,0.634781450799355,0.472081368233545,0.54999879061465,0.519999264964466,0.529410947424388,0.275865961334746,0.786880569554214,0.790317924281489,0.147546788140795,0.80519086275992,0.63865431066442,0.634781450799355,0.580881770158871,0.634781450799355,0.596272704041445,0.634781450799355,0.899383059990428
1,14100000,6884215292,43,"United States","Music","May","5",135563000,2e+05,"2011",88.2,328239523,14.7,270663028,37.09024,-95.712891,0.838899690657854,0.526315681174103,0.633801886066835,0.549018678523492,0.588230199598648,0.446429557032493,0.275865961334746,0.393444396376725,0.277781922989882,0.983863189680435,0.80519086275992,0.51984119754833,0.514285662602914,0.526315681174103,0.526315681174103,0.522900682147689,0.501976283190093,0.71700344374089
0,14000000,4959982720,5757,"Brazil","People","Dec","15",10210000,0,"2012",51.3,212559417,12.08,183241641,-14.235004,-51.92528,0.8144197082147,0.404257390765657,0.37778052984104,0.386366255843654,0.59999508141476,0.510638106069586,0.275865961334746,0.306454760784126,0.491803439671098,8.09056912990721e-06,0.147208121827411,0.476923456921842,0.400001693694715,0.360001888286511,0.383563261097473,0.38596694134097,0.485714512983766,0.0870118865002048
1,14000000,7719743112,2210,"Russia","Games","Oct","26",150570000,2e+05,"2013",81.9,144373535,4.59,107683889,61.52401,105.318756,0.844640551600605,0.40001016132153,0.366668915907679,0.571427324929495,0.519999264964466,0.465117128052292,0.275865961334746,0.64515897523228,0.540982961318284,0.983863189680435,0.80519086275992,0.51984119754833,0.400001693694715,0.428572588107754,0.383563261097473,0.389832403236837,0.426230744141516,0.76559769255775
1,14000000,9660950823,62,"Mexico","Film","Aug","2",70626000,0,"2011",40.2,126014024,3.42,102626859,23.634501,-102.552784,0.871293042320758,0.280008864580482,0.518517892795697,0.535713676958923,0.409095114920986,0.446429557032493,0.275865961334746,0.786880569554214,0.277781922989882,0.983863189680435,0.147208121827411,0.393444396376725,0.375002261091349,0.418183335273479,0.347828315870446,0.387100468480908,0.501976283190093,0.271489997729835
0,13900000,12129583055,6,"Bangladesh","Entertainment","Feb","10",1,0,"2021",20.6,167310838,4.19,60987417,23.684994,90.356331,0.860545047093183,0.501623376623377,0.472081368233545,0.54999879061465,0.272748079572459,0.545450561165042,0.383335304801197,0.786880569554214,0.277781922989882,1.00322668871298e-05,0.147208121827411,0.63865431066442,0.400001693694715,0.428572588107754,0.347828315870446,0.522900682147689,0.555549563756985,0.426268853113556
1,13800000,5727888539,190093,"Pakistan","News","Jan","10",100053000,1e+05,"2007",9,216565318,4.45,79927762,30.375321,69.345116,0.956497750477865,0.50000040574272,0.789458534991665,0.403510493208481,0.272748079572459,0.576920180892143,0.383335304801197,0.306454760784126,0.790317924281489,0.983863189680435,0.411167971854847,0.5,0.514285662602914,0.428572588107754,0.347828315870446,0.522900682147689,0.531914249130372,0.324951974053816
1,13800000,6646953396,1505,"India","Education","Nov","17",78651000,1e+05,"2014",28.1,1366417754,5.36,471031528,20.593684,78.96288,0.941956102149561,0.634781450799355,0.727265889620818,0.500000031218181,0.500000101454698,0.472727798101428,0.383335304801197,0.393444396376725,0.540982961318284,0.983863189680435,0.411167971854847,0.63865431066442,0.634781450799355,0.580881770158871,0.634781450799355,0.596272704041445,0.634781450799355,0.383136065594517
0,13700000,1973638757,975,"India","Film","Oct","12",37648000,1e+05,"2013",28.1,1366417754,5.36,471031528,20.593684,78.96288,0.996364277787507,0.634781450799355,0.518517892795697,0.571427324929495,0.434785514689649,0.465117128052292,0.383335304801197,0.100006693611384,0.532257570416229,8.09056912990721e-06,0.411167971854847,0.63865431066442,0.634781450799355,0.580881770158871,0.634781450799355,0.596272704041445,0.634781450799355,0.140035126934863
0,13700000,4963275018,340,"India","Entertainment","Jul","22",27882000,0,"2014",28.1,1366417754,5.36,471031528,20.593684,78.96288,0.984257050324231,0.634781450799355,0.472081368233545,0.500000030061973,0.555553558141425,0.472727798101428,0.383335304801197,0.306454760784126,0.426230744141516,8.22319923646132e-06,0.147208121827411,0.63865431066442,0.634781450799355,0.580881770158871,0.634781450799355,0.596272704041445,0.634781450799355,0.0900370686595551
0,13600000,1948925559,412,"United States","Sports","Feb","1",30677000,1e+05,"2011",88.2,328239523,14.7,270663028,37.09024,-95.712891,0.980033650062978,0.526315681174103,0.777747097364362,0.54999879061465,0.500000067637874,0.446429557032493,0.383335304801197,0.100006693611384,0.403227393483599,8.22319923646132e-06,0.411167971854847,0.51984119754833,0.514285662602914,0.526315681174103,0.526315681174103,0.522900682147689,0.501976283190093,0.140105164797443
0,13600000,5141201173,1097,"India","Film","Dec","25",10764000,1e+05,"2016",28.1,1366417754,5.36,471031528,20.593684,78.96288,0.893813848961145,0.634781450799355,0.518517892795697,0.386366255843654,0.615375865193187,0.547617952510098,0.383335304801197,0.306454760784126,0.532257570416229,8.09056912990721e-06,0.411167971854847,0.63865431066442,0.634781450799355,0.580881770158871,0.634781450799355,0.596272704041445,0.634781450799355,0.287002850932807
0,13600000,14717282742,8335,"United States","Comedy","Jul","23",56626000,0,"2013",88.2,328239523,14.7,270663028,37.09024,-95.712891,0.885769580025226,0.526315681174103,0.378381709234254,0.500000030061973,0.599993441995642,0.465117128052292,0.383335304801197,0.693545291582017,0.491803439671098,0.147546788140795,0.147208121827411,0.51984119754833,0.514285662602914,0.526315681174103,0.526315681174103,0.522900682147689,0.501976283190093,0.620598484996478
0,13500000,4301581610,4312,"Canada","Games","Aug","24",32557000,0,"2008",68.9,36991981,5.56,30628482,56.130366,-106.346771,0.810186712536961,0.40001016132153,0.366668915907679,0.535713676958923,0.50000009018258,0.529410947424388,0.383335304801197,0.180333135905586,0.629030203115702,8.09056912990721e-06,0.147208121827411,0.370969849250442,0.529411356059126,0.541665832448837,0.500000023872834,0.389832403236837,0.4,0.0772540868331171
1,13500000,11717217293,975,"United Kingdom","Entertainment","Mar","30",495561000,4e+05,"2013",60,66834405,3.85,55908316,55.378051,-3.435973,0.947602911386639,0.366671165073718,0.472081368233545,0.519999632474883,0.500000081164773,0.465117128052292,0.383335304801197,0.786880569554214,0.532257570416229,0.935476873330698,0.93999123264288,0.370969849250442,0.400001451741784,0.428572588107754,0.347828315870446,0.389832403236837,0.294121715718841,0.994481830698863
1,13400000,11789678655,7356,"Colombia","Music","Feb","8",228902000,1e+05,"2007",55.3,50339443,9.71,40827302,4.570868,-74.297333,0.919400483369827,0.833278057553178,0.633801886066835,0.54999879061465,0.565214626467398,0.576920180892143,0.383335304801197,0.786880569554214,0.491803439671098,0.999991830025354,0.411167971854847,0.476923456921842,0.400001451741784,0.541665832448837,0.475410265788702,0.596272704041445,0.485714512983766,0.7475615620034
0,13400000,2650061211,0,"India","Entertainment","Jul","4",0,0,"2017",28.1,1366417754,5.36,471031528,20.593684,78.96288,0.975642310455441,0.634781450799355,0.472081368233545,0.500000030061973,0.559997665028464,0.413045403868973,0.383335304801197,0.161295811734918,0.501623376623377,0.501623376623377,0.147208121827411,0.63865431066442,0.634781450799355,0.580881770158871,0.634781450799355,0.596272704041445,0.634781450799355,0.049584916769686
0,13400000,2319515787,1349,"United States","Howto","Dec","16",14498000,0,"2006",88.2,328239523,14.7,270663028,37.09024,-95.712891,0.931106700096279,0.526315681174103,0.15385952937874,0.386366255843654,0.444447620875319,0.500000030061973,0.383335304801197,0.161295811734918,0.532257570416229,8.09056912990721e-06,0.147208121827411,0.51984119754833,0.514285662602914,0.526315681174103,0.526315681174103,0.522900682147689,0.501976283190093,0.0455439081898013
0,13400000,4356686216,3727,"United States","Games","May","24",16785000,0,"2007",88.2,328239523,14.7,270663028,37.09024,-95.712891,0.9793252479285,0.526315681174103,0.366668915907679,0.549018678523492,0.50000009018258,0.576920180892143,0.383335304801197,0.180333135905586,0.629030203115702,8.09056912990721e-06,0.147208121827411,0.51984119754833,0.514285662602914,0.526315681174103,0.526315681174103,0.522900682147689,0.501976283190093,0.078710735396767
1,13400000,10022557589,319,"United States","People","Jun","1",397715000,5e+05,"2014",88.2,328239523,14.7,270663028,37.09024,-95.712891,0.837742289993912,0.526315681174103,0.37778052984104,0.425533533826443,0.500000067637874,0.472727798101428,0.383335304801197,0.786880569554214,0.426230744141516,0.935476873330698,0.93999123264288,0.51984119754833,0.514285662602914,0.526315681174103,0.526315681174103,0.522900682147689,0.501976283190093,0.997610218673654
0,13300000,3299216601,331,"United States","Entertainment","Nov","28",1929000,0,"2007",88.2,328239523,14.7,270663028,37.09024,-95.712891,0.92393597913906,0.526315681174103,0.472081368233545,0.500000031218181,0.500000115947191,0.576920180892143,0.383335304801197,0.161295811734918,0.426230744141516,1.00322668871298e-05,0.147208121827411,0.51984119754833,0.514285662602914,0.526315681174103,0.526315681174103,0.522900682147689,0.501976283190093,0.0596881532322726
0,13300000,2831275503,1489,"India","Howto","Oct","7",43118000,0,"2014",28.1,1366417754,5.36,471031528,20.593684,78.96288,0.815742361359298,0.634781450799355,0.15385952937874,0.571427324929495,0.50000009018258,0.472727798101428,0.383335304801197,0.161295811734918,0.540982961318284,8.09056912990721e-06,0.147208121827411,0.63865431066442,0.634781450799355,0.580881770158871,0.634781450799355,0.596272704041445,0.634781450799355,0.0533465781823486
0,13300000,6412313570,1749,"Canada","Entertainment","May","8",5387000,1e+05,"2015",68.9,36991981,5.56,30628482,56.130366,-106.346771,0.92354639293626,0.40001016132153,0.472081368233545,0.549018678523492,0.565214626467398,0.479167134505044,0.383335304801197,0.393444396376725,0.540982961318284,8.09056912990721e-06,0.411167971854847,0.370969849250442,0.529411356059126,0.541665832448837,0.500000023872834,0.389832403236837,0.4,0.373168982869007
1,13200000,4205664894,1324,"Indonesia","People","Sep","25",264308000,8e+05,"2013",36.3,270203917,4.69,151509724,-0.789275,113.921327,0.926637249765918,0.307707224319408,0.37778052984104,0.590907738115735,0.615375865193187,0.465117128052292,0.383335304801197,0.180333135905586,0.532257570416229,0.999991830025354,0.981472595384838,0.393444396376725,0.514285662602914,0.580881770158871,0.383563261097473,0.596272704041445,0.426230744141516,0.999773234447548
1,13200000,5224764969,413,"Brazil","Entertainment","Jan","17",64517000,1e+05,"2018",51.3,212559417,12.08,183241641,-14.235004,-51.92528,0.958303340012208,0.404257390765657,0.472081368233545,0.403510493208481,0.500000101454698,0.666660554178609,0.383335304801197,0.306454760784126,0.403227393483599,0.147546788140795,0.411167971854847,0.476923456921842,0.400001693694715,0.360001888286511,0.383563261097473,0.38596694134097,0.485714512983766,0.304341097473868
0,13200000,5263540904,4279,"United States","Education","Feb","26",51820000,1e+05,"2011",88.2,328239523,14.7,270663028,37.09024,-95.712891,0.805316399550065,0.526315681174103,0.727265889620818,0.54999879061465,0.519999264964466,0.446429557032493,0.383335304801197,0.306454760784126,0.629030203115702,0.147546788140795,0.411167971854847,0.51984119754833,0.514285662602914,0.526315681174103,0.526315681174103,0.522900682147689,0.501976283190093,0.305736445788145
0,13100000,2733682792,289,"United States","Games","Jun","12",56894000,1e+05,"2016",88.2,328239523,14.7,270663028,37.09024,-95.712891,0.890201141592115,0.526315681174103,0.366668915907679,0.425533533826443,0.434785514689649,0.547617952510098,0.383335304801197,0.161295811734918,0.426230744141516,0.147546788140795,0.411167971854847,0.51984119754833,0.514285662602914,0.526315681174103,0.526315681174103,0.522900682147689,0.501976283190093,0.177910645263551
0,13100000,2555801802,1077,"Brazil","People","Nov","6",43990000,1e+05,"2015",51.3,212559417,12.08,183241641,-14.235004,-51.92528,0.952052154345438,0.404257390765657,0.37778052984104,0.500000031218181,0.576920180892143,0.479167134505044,0.383335304801197,0.161295811734918,0.532257570416229,8.09056912990721e-06,0.411167971854847,0.476923456921842,0.400001693694715,0.360001888286511,0.383563261097473,0.38596694134097,0.485714512983766,0.169958766831028
0,13000000,1698279553,409,"France","Music","Mar","18",30471000,1e+05,"2015",65.6,67059887,8.43,54123364,46.227638,2.213749,0.987002589739859,0.000250686345139119,0.633801886066835,0.519999632474883,0.400006774440146,0.479167134505044,0.269844948863933,0.100006693611384,0.403227393483599,8.22319923646132e-06,0.411167971854847,0.370969849250442,0.375002261091349,0.541665832448837,0.347828315870446,0.324329116061096,0.531914249130372,0.13878234025471
1,13000000,8739174649,510,"South Korea","Games","Jul","7",1.081e+09,1e+06,"2020",94.3,51709098,4.15,42106719,35.907757,127.766922,0.953251753002405,0.615375865193187,0.366668915907679,0.500000030061973,0.50000009018258,0.799980109551138,0.269844948863933,0.64515897523228,0.403227393483599,0.935476873330698,0.981472595384838,0.423078433556597,0.400001451741784,0.428572588107754,0.475410265788702,0.522900682147689,0.426230744141516,0.999996922684025
0,13000000,4637474071,612,"United States","People","Aug","24",42412000,0,"2012",88.2,328239523,14.7,270663028,37.09024,-95.712891,0.894950687419623,0.526315681174103,0.37778052984104,0.535713676958923,0.50000009018258,0.510638106069586,0.269844948863933,0.180333135905586,0.491803439671098,8.09056912990721e-06,0.147208121827411,0.51984119754833,0.514285662602914,0.526315681174103,0.526315681174103,0.522900682147689,0.501976283190093,0.0886402281344793
0,12900000,3643698504,1598,"United States","Entertainment","Jan","2",29379000,1e+05,"2014",88.2,328239523,14.7,270663028,37.09024,-95.712891,0.910189771326259,0.526315681174103,0.472081368233545,0.403510493208481,0.409095114920986,0.472727798101428,0.269844948863933,0.161295811734918,0.540982961318284,8.22319923646132e-06,0.411167971854847,0.51984119754833,0.514285662602914,0.526315681174103,0.526315681174103,0.522900682147689,0.501976283190093,0.220929179065913
1,12800000,14185611472,168,"United States","Music","Sep","2",89566000,0,"2009",88.2,328239523,14.7,270663028,37.09024,-95.712891,0.908636060543358,0.526315681174103,0.633801886066835,0.590907738115735,0.409095114920986,0.666662434895942,0.269844948863933,0.693545291582017,0.467742481949914,0.983863189680435,0.147208121827411,0.51984119754833,0.514285662602914,0.526315681174103,0.526315681174103,0.522900682147689,0.501976283190093,0.606530266276848
1,12700000,1714955279,252,"Colombia","People","Dec","3",327600000,1500000,"2015",55.3,50339443,9.71,40827302,4.570868,-74.297333,0.832176523050293,0.833278057553178,0.37778052984104,0.386366255843654,0.50000009018258,0.479167134505044,0.269844948863933,0.100006693611384,0.426230744141516,0.999991830025354,0.981472595384838,0.476923456921842,0.400001451741784,0.541665832448837,0.475410265788702,0.596272704041445,0.485714512983766,0.999999965816204
1,12400000,7683670251,1212,"India","Entertainment","Jul","6",95163000,1e+05,"2012",28.1,1366417754,5.36,471031528,20.593684,78.96288,0.949141421122476,0.634781450799355,0.472081368233545,0.500000030061973,0.576920180892143,0.510638106069586,0.269844948863933,0.64515897523228,0.532257570416229,0.983863189680435,0.411167971854847,0.63865431066442,0.634781450799355,0.580881770158871,0.634781450799355,0.596272704041445,0.634781450799355,0.491756248626046
0,12400000,16086808918,0,"United States","People","May","10",0,100,"2016",88.2,328239523,14.7,270663028,37.09024,-95.712891,0.818203301168978,0.526315681174103,0.37778052984104,0.549018678523492,0.272748079572459,0.547617952510098,0.269844948863933,0.693545291582017,0.501623376623377,0.501623376623377,0.411167971854847,0.51984119754833,0.514285662602914,0.526315681174103,0.526315681174103,0.522900682147689,0.501976283190093,0.72823349671963
0,12300000,2214684303,2452,"United Kingdom","Games","Sep","11",67035,1000,"2006",60,66834405,3.85,55908316,55.378051,-3.435973,0.907947586383671,0.366671165073718,0.366668915907679,0.590907738115735,0.533331219477143,0.500000030061973,0.5,0.161295811734918,0.629030203115702,1.00322668871298e-05,0.411167971854847,0.370969849250442,0.400001451741784,0.428572588107754,0.347828315870446,0.389832403236837,0.294121715718841,0.0496001583765016
